"","FileName","SceneTemperature","ImagerTemperatureC","GPSLatitude","GPSLongitude","GPSAltitude"
"1","IMG_0024_6.tif",37.5700000000001,45.5100036621094,44.1599616,-122.2946727,488.025
"2","IMG_0025_6.tif",38.31,45.3300109863281,44.1599925,-122.2946243,489.648
"3","IMG_0026_6.tif",38.1900000000001,45.110009765625,44.1600646,-122.2945155,490.379
"4","IMG_0027_6.tif",41.05,44.9699951171875,44.1600639,-122.2945203,490.685
"5","IMG_0028_6.tif",30.23,44.7499938964844,44.1598877,-122.2944716,491.373
"6","IMG_0029_6.tif",30.39,44.6299987792969,44.1597478,-122.2944341,491.648
"7","IMG_0030_6.tif",30.31,44.4399963378906,44.1594958,-122.2943622,492.084
"8","IMG_0031_6.tif",37.39,44.2799926757813,44.1592839,-122.2943,492.649
"9","IMG_0032_6.tif",37.17,44.1,44.1591926,-122.2942783,492.759
"10","IMG_0033_6.tif",30.87,43.9599853515625,44.159184,-122.2942773,492.688
"11","IMG_0034_6.tif",36.93,43.8300109863281,44.1590206,-122.2942729,493.356
"12","IMG_0035_6.tif",36.77,43.7199951171875,44.1588331,-122.2942781,493.255
"13","IMG_0036_6.tif",37.93,43.6,44.1586173,-122.2942758,493.388
"14","IMG_0037_6.tif",37.35,43.4699951171875,44.1583729,-122.2942729,493.505
"15","IMG_0038_6.tif",37.1900000000001,43.360009765625,44.1580844,-122.2942709,493.436
"16","IMG_0039_6.tif",38.03,43.339990234375,44.1579687,-122.2942709,493.413
"17","IMG_0040_6.tif",37.83,43.1899963378906,44.1577528,-122.2942715,493.339
"18","IMG_0041_6.tif",37.35,43.0800109863281,44.1575369,-122.2942728,493.042
"19","IMG_0042_6.tif",35.87,42.9699951171875,44.1573062,-122.2942751,492.593
"20","IMG_0043_6.tif",37.15,42.8300109863281,44.1570475,-122.2942748,492.662
"21","IMG_0044_6.tif",37.91,42.7400146484375,44.1568892,-122.2942765,492.685
"22","IMG_0045_6.tif",38.27,42.6,44.1566018,-122.2942764,492.781
"23","IMG_0046_6.tif",38.47,42.5200134277344,44.1564722,-122.2942767,492.668
"24","IMG_0047_6.tif",38.21,42.3999877929688,44.1562413,-122.2942733,492.531
"25","IMG_0048_6.tif",39.0700000000001,42.3000122070313,44.1560322,-122.2942721,492.779
"26","IMG_0049_6.tif",38.45,42.1899963378906,44.1560256,-122.2942714,492.525
"27","IMG_0050_6.tif",38.47,42.110009765625,44.1560237,-122.294246,492.544
"28","IMG_0051_6.tif",39.0700000000001,42.0200134277344,44.1560221,-122.2938958,492.862
"29","IMG_0052_6.tif",38.71,41.9500061035156,44.156022,-122.2936767,493.117
"30","IMG_0053_6.tif",38.95,41.839990234375,44.1560224,-122.2934371,493.44
"31","IMG_0054_6.tif",38.97,41.7499938964844,44.1560258,-122.2934435,493.224
"32","IMG_0055_6.tif",38.6300000000001,41.6700073242188,44.1561698,-122.2934377,493.217
"33","IMG_0056_6.tif",35.59,41.6,44.1563589,-122.2934361,493.36
"34","IMG_0057_6.tif",34.09,41.4900146484375,44.1566338,-122.2934333,493.575
"35","IMG_0058_6.tif",36.33,41.4299865722656,44.1567925,-122.2934311,493.649
"36","IMG_0059_6.tif",37.17,41.339990234375,44.1571091,-122.2934313,493.686
"37","IMG_0060_6.tif",36.39,41.3799987792969,44.1572398,-122.293432,493.585
"38","IMG_0061_6.tif",35.5700000000001,41.2799926757813,44.1574549,-122.2934268,493.629
"39","IMG_0062_6.tif",34.45,41.2000061035156,44.157731,-122.2934282,493.697
"40","IMG_0063_6.tif",35.71,41.1499877929688,44.157889,-122.2934284,493.821
"41","IMG_0064_6.tif",37.7500000000001,41.0800109863281,44.158104,-122.2934306,493.08
"42","IMG_0065_6.tif",37.95,41.0100036621094,44.1582909,-122.2934314,493.257
"43","IMG_0066_6.tif",37.55,40.9399963378906,44.1585346,-122.2934288,492.994
"44","IMG_0067_6.tif",34.83,40.860009765625,44.1587521,-122.2934277,493.41
"45","IMG_0068_6.tif",37.51,40.7900024414063,44.1590131,-122.2934274,493.636
"46","IMG_0069_6.tif",35.47,40.7400146484375,44.1591867,-122.2934302,493.484
"47","IMG_0070_6.tif",29.51,40.6799865722656,44.1594187,-122.2934344,493.429
"48","IMG_0071_6.tif",31.65,40.589990234375,44.1596785,-122.2934337,493.286
"49","IMG_0072_6.tif",41.27,40.5700012207031,44.1598089,-122.2934362,492.963
"50","IMG_0073_6.tif",43.61,40.4800048828125,44.1600978,-122.2934332,492.822
"51","IMG_0074_6.tif",36.41,40.4399963378906,44.1602556,-122.2934326,492.802
"52","IMG_0075_6.tif",43.51,40.3799987792969,44.1605202,-122.2934292,493.115
"53","IMG_0076_6.tif",38.45,40.3300109863281,44.1605504,-122.2934293,492.575
"54","IMG_0077_6.tif",38.35,40.2900024414063,44.1605481,-122.2934268,492.46
"55","IMG_0078_6.tif",38.05,40.2300048828125,44.1605502,-122.2931547,492.939
"56","IMG_0079_6.tif",37.77,40.1599975585938,44.1605532,-122.2928957,493.499
"57","IMG_0080_6.tif",36.5700000000001,40.1199890136719,44.1605544,-122.2926487,493.757
"58","IMG_0081_6.tif",30.61,40.0599914550781,44.1605536,-122.2926076,493.384
"59","IMG_0082_6.tif",38.59,40.0100036621094,44.1604443,-122.2926045,493.1
"60","IMG_0083_6.tif",29.39,39.9699951171875,44.1602512,-122.2926029,493.099
"61","IMG_0084_6.tif",31.39,39.9299865722656,44.1600361,-122.2926003,493.221
"62","IMG_0085_6.tif",31.87,39.8900085449219,44.1597618,-122.2926071,492.99
"63","IMG_0086_6.tif",36.6900000000001,39.860009765625,44.1596182,-122.2926045,492.881
"64","IMG_0087_6.tif",37.17,39.8300109863281,44.1593418,-122.292602,492.896
"65","IMG_0088_6.tif",37.11,39.8099914550781,44.1591541,-122.2926017,492.923
"66","IMG_0089_6.tif",36.91,39.8000122070313,44.158952,-122.2926028,493.033
"67","IMG_0090_6.tif",38.21,39.8000122070313,44.1587519,-122.292604,492.979
"68","IMG_0091_6.tif",37.6900000000001,39.7799926757813,44.1585222,-122.2926045,493.059
"69","IMG_0092_6.tif",38.1900000000001,39.7700134277344,44.1583049,-122.2926051,493.127
"70","IMG_0093_6.tif",37.91,39.7600036621094,44.1580737,-122.2926061,493.121
"71","IMG_0094_6.tif",38.01,39.7799926757813,44.1578863,-122.292605,493.139
"72","IMG_0095_6.tif",38.0700000000001,39.7799926757813,44.1576564,-122.2926037,493.252
"73","IMG_0096_6.tif",38.33,39.7700134277344,44.1574984,-122.2926027,493.315
"74","IMG_0097_6.tif",37.77,39.7600036621094,44.1571811,-122.2925986,493.414
"75","IMG_0098_6.tif",37.21,39.7799926757813,44.157022,-122.2925973,493.563
"76","IMG_0099_6.tif",37.17,39.7700134277344,44.1567922,-122.2925991,493.401
"77","IMG_0100_6.tif",33.83,39.7700134277344,44.156605,-122.2926007,492.962
"78","IMG_0101_6.tif",35.41,39.7600036621094,44.1563476,-122.2925972,493.228
"79","IMG_0102_6.tif",38.01,39.7700134277344,44.1561608,-122.292598,493.402
"80","IMG_0103_6.tif",37.81,39.7700134277344,44.1560299,-122.2925991,493.234
"81","IMG_0104_6.tif",38.39,39.7700134277344,44.156033,-122.2925868,493.189
"82","IMG_0105_6.tif",36.65,39.7700134277344,44.15603,-122.2923437,493.404
"83","IMG_0106_6.tif",36.39,39.7700134277344,44.1560311,-122.2920838,493.619
"84","IMG_0107_6.tif",38.65,39.7499938964844,44.1560304,-122.2917682,494.018
"85","IMG_0108_6.tif",36.77,39.7400146484375,44.1560347,-122.2917665,493.849
"86","IMG_0109_6.tif",36.7500000000001,39.7099853515625,44.1561108,-122.2917606,493.813
"87","IMG_0110_6.tif",34.1300000000001,39.6700073242188,44.1562936,-122.291761,494.108
"88","IMG_0111_6.tif",36.93,39.6599975585938,44.1565362,-122.2917597,494.169
"89","IMG_0112_6.tif",37.49,39.610009765625,44.1567376,-122.2917584,494.23
"90","IMG_0113_6.tif",37.65,39.5800109863281,44.1569553,-122.2917594,494.344
"91","IMG_0114_6.tif",38.45,39.5299926757813,44.1571866,-122.2917576,494.365
"92","IMG_0115_6.tif",38.51,39.4900146484375,44.1573308,-122.2917572,494.153
"93","IMG_0116_6.tif",37.6300000000001,39.4699951171875,44.1576044,-122.2917578,493.972
"94","IMG_0117_6.tif",37.83,39.4200073242188,44.1578495,-122.2917567,493.969
"95","IMG_0118_6.tif",37.77,39.3900085449219,44.1580799,-122.2917558,493.886
"96","IMG_0119_6.tif",37.6900000000001,39.339990234375,44.1582385,-122.2917567,493.915
"97","IMG_0120_6.tif",37.27,39.3099914550781,44.158571,-122.2917544,493.745
"98","IMG_0121_6.tif",38.35,39.3900085449219,44.1587166,-122.2917553,493.723
"99","IMG_0122_6.tif",38.55,39.360009765625,44.1589167,-122.2917554,493.435
"100","IMG_0123_6.tif",35.93,39.339990234375,44.1591346,-122.2917582,493.335
"101","IMG_0124_6.tif",36.31,39.35,44.1593501,-122.2917529,493.032
"102","IMG_0125_6.tif",32.03,39.3300109863281,44.1595667,-122.2917533,493.111
"103","IMG_0126_6.tif",33.27,39.3099914550781,44.159783,-122.2917552,492.859
"104","IMG_0127_6.tif",36.09,39.2900024414063,44.1599852,-122.2917551,493.061
"105","IMG_0128_6.tif",30.35,39.2799926757813,44.1602016,-122.2917559,493.176
"106","IMG_0129_6.tif",29.17,39.2499938964844,44.1604459,-122.2917541,493.382
"107","IMG_0130_6.tif",39.09,39.2199951171875,44.1605608,-122.291758,492.952
"108","IMG_0131_6.tif",36.37,39.1899963378906,44.1605548,-122.2917609,492.653
"109","IMG_0132_6.tif",30.77,39.1700073242188,44.1605573,-122.2916152,493.077
"110","IMG_0133_6.tif",36.81,39.1499877929688,44.1605614,-122.2913453,493.301
"111","IMG_0134_6.tif",36.99,39.1299987792969,44.1605606,-122.2910666,493.371
"112","IMG_0135_6.tif",37.33,39.1,44.1605601,-122.2909264,493.206
"113","IMG_0136_6.tif",36.81,39.0800109863281,44.1605464,-122.2909289,493.136
"114","IMG_0137_6.tif",33.35,39.0500122070313,44.1603487,-122.2909264,493.45
"115","IMG_0138_6.tif",33.29,39.0299926757813,44.1601632,-122.2909288,493.367
"116","IMG_0139_6.tif",35.71,38.9999938964844,44.1599465,-122.290927,493.559
"117","IMG_0140_6.tif",36.79,38.9900146484375,44.1597283,-122.2909302,492.963
"118","IMG_0141_6.tif",37.55,38.9599853515625,44.1594971,-122.2909296,492.981
"119","IMG_0142_6.tif",37.17,38.9500061035156,44.1592797,-122.2909293,493.023
"120","IMG_0143_6.tif",37.85,38.9399963378906,44.159063,-122.2909281,493.217
"121","IMG_0144_6.tif",38.27,38.9500061035156,44.1588601,-122.2909265,493.251
"122","IMG_0145_6.tif",38.15,38.9599853515625,44.1586413,-122.2909262,493.325
"123","IMG_0146_6.tif",37.79,38.9500061035156,44.1584101,-122.2909257,493.474
"124","IMG_0147_6.tif",37.29,38.9500061035156,44.1582089,-122.2909245,493.495
"125","IMG_0148_6.tif",37.33,38.9500061035156,44.1579932,-122.2909233,493.686
"126","IMG_0149_6.tif",37.81,38.9399963378906,44.1577192,-122.2909253,493.284
"127","IMG_0150_6.tif",38.05,38.9500061035156,44.1575325,-122.2909222,493.386
"128","IMG_0151_6.tif",36.65,38.9500061035156,44.1573158,-122.2909229,493.206
"129","IMG_0152_6.tif",34.21,38.9299865722656,44.1571293,-122.2909239,493.163
"130","IMG_0153_6.tif",32.31,38.9399963378906,44.156913,-122.2909229,493.026
"131","IMG_0154_6.tif",37.73,38.9399963378906,44.1567561,-122.290923,492.969
"132","IMG_0155_6.tif",37.97,38.9200073242188,44.156469,-122.2909231,492.973
"133","IMG_0156_6.tif",37.99,38.9200073242188,44.1562248,-122.2909243,492.89
"134","IMG_0157_6.tif",36.5700000000001,38.9200073242188,44.1560384,-122.2909287,492.854
"135","IMG_0158_6.tif",36.35,38.9200073242188,44.1560395,-122.2909245,492.821
"136","IMG_0159_6.tif",37.87,38.9200073242188,44.1560384,-122.2908991,493.015
"137","IMG_0160_6.tif",37.81,38.9299865722656,44.156038,-122.2905659,493.197
"138","IMG_0161_6.tif",38.43,38.9299865722656,44.1560378,-122.290289,493.464
"139","IMG_0162_6.tif",38.1300000000001,38.9200073242188,44.1560372,-122.2900843,493.778
"140","IMG_0163_6.tif",37.93,38.8999877929688,44.1560449,-122.2900902,493.256
"141","IMG_0164_6.tif",37.87,38.8900085449219,44.156182,-122.2900851,493.424
"142","IMG_0165_6.tif",36.41,38.860009765625,44.1564272,-122.2900803,493.942
"143","IMG_0166_6.tif",36.53,38.8099914550781,44.1566852,-122.2900818,493.675
"144","IMG_0167_6.tif",37.49,38.8000122070313,44.1568,-122.2900812,493.664
"145","IMG_0168_6.tif",37.55,38.7700134277344,44.1570607,-122.2900801,493.66
"146","IMG_0169_6.tif",35.55,38.7600036621094,44.1572473,-122.29008,493.581
"147","IMG_0170_6.tif",37.05,38.7300048828125,44.1574474,-122.2900792,493.347
"148","IMG_0171_6.tif",37.1900000000001,38.6899963378906,44.1577227,-122.2900802,493.416
"149","IMG_0172_6.tif",36.15,38.6599975585938,44.1578967,-122.2900797,493.254
"150","IMG_0173_6.tif",36.43,38.6299987792969,44.1580987,-122.2900795,493.289
"151","IMG_0174_6.tif",37.73,38.6,44.1583582,-122.2900768,492.998
"152","IMG_0175_6.tif",37.6300000000001,38.5800109863281,44.158546,-122.2900776,492.884
"153","IMG_0176_6.tif",37.29,38.5599914550781,44.1587481,-122.2900764,493.015
"154","IMG_0177_6.tif",37.2500000000001,38.5200134277344,44.1590195,-122.2900764,492.734
"155","IMG_0178_6.tif",36.21,38.4999938964844,44.159221,-122.2900766,492.746
"156","IMG_0179_6.tif",36.99,38.4800048828125,44.1594217,-122.2900759,492.871
"157","IMG_0180_6.tif",35.97,38.4599853515625,44.1595946,-122.2900761,492.93
"158","IMG_0181_6.tif",33.05,38.4399963378906,44.159839,-122.2900784,492.927
"159","IMG_0182_6.tif",34.01,38.4299865722656,44.160013,-122.290076,492.969
"160","IMG_0183_6.tif",33.01,38.4099975585938,44.1602847,-122.2900773,492.976
"161","IMG_0184_6.tif",38.59,38.3799987792969,44.160513,-122.2900757,493.263
"162","IMG_0185_6.tif",34.95,38.3699890136719,44.1605544,-122.2900779,492.715
"163","IMG_0186_6.tif",36.73,38.339990234375,44.1605526,-122.2900592,492.501
"164","IMG_0187_6.tif",32.53,38.339990234375,44.1605546,-122.28984,492.571
"165","IMG_0188_6.tif",34.0700000000001,38.3300109863281,44.1605571,-122.2895565,492.73
"166","IMG_0189_6.tif",42.01,38.3099914550781,44.1605601,-122.289245,493.321
"167","IMG_0190_6.tif",31.91,38.3000122070313,44.1605609,-122.2892484,493.231
"168","IMG_0191_6.tif",33.23,38.2900024414063,44.1603819,-122.2892438,493.196
"169","IMG_0192_6.tif",33.71,38.2700134277344,44.1602399,-122.2892449,493.079
"170","IMG_0193_6.tif",36.17,38.2400146484375,44.1599809,-122.2892477,493.212
"171","IMG_0194_6.tif",34.39,38.2199951171875,44.1597797,-122.2892497,492.911
"172","IMG_0195_6.tif",35.29,38.2300048828125,44.159606,-122.2892478,493.118
"173","IMG_0196_6.tif",34.29,38.2099853515625,44.1594339,-122.2892494,493.048
"174","IMG_0197_6.tif",32.17,38.2099853515625,44.1591595,-122.2892523,492.863
"175","IMG_0198_6.tif",31.87,38.2099853515625,44.1589721,-122.2892518,492.892
"176","IMG_0199_6.tif",32.33,38.2199951171875,44.158684,-122.2892493,492.658
"177","IMG_0200_6.tif",32.89,38.2199951171875,44.1585115,-122.2892469,492.644
"178","IMG_0201_6.tif",32.61,38.2400146484375,44.158264,-122.2892458,492.67
"179","IMG_0202_6.tif",34.79,38.2600036621094,44.1580354,-122.289246,492.622
"180","IMG_0203_6.tif",36.7500000000001,38.2700134277344,44.157819,-122.2892442,492.69
"181","IMG_0204_6.tif",36.87,38.2900024414063,44.1576029,-122.2892444,492.624
"182","IMG_0205_6.tif",37.23,38.3200012207031,44.1574435,-122.289244,492.534
"183","IMG_0206_6.tif",37.77,38.3300109863281,44.1572432,-122.2892448,492.573
"184","IMG_0207_6.tif",38.35,38.3799987792969,44.1569562,-122.2892468,492.563
"185","IMG_0208_6.tif",37.6300000000001,38.3999877929688,44.1567547,-122.2892463,492.545
"186","IMG_0209_6.tif",37.5700000000001,38.4099975585938,44.1565803,-122.2892458,492.384
"187","IMG_0210_6.tif",36.97,38.4500061035156,44.1563222,-122.2892463,492.557
"188","IMG_0211_6.tif",37.95,38.4599853515625,44.1561361,-122.2892474,492.538
"189","IMG_0212_6.tif",37.77,38.4699951171875,44.1560394,-122.2892498,492.427
"190","IMG_0213_6.tif",37.65,38.4999938964844,44.1560436,-122.2892446,492.216
"191","IMG_0214_6.tif",37.91,38.5200134277344,44.156042,-122.289063,492.205
"192","IMG_0215_6.tif",37.79,38.5400024414063,44.1560425,-122.2886989,492.556
"193","IMG_0216_6.tif",37.41,38.5400024414063,44.1560437,-122.2884222,493.067
"194","IMG_0217_6.tif",36.23,38.5500122070313,44.1560462,-122.288413,492.716
"195","IMG_0218_6.tif",37.7500000000001,38.5500122070313,44.156063,-122.2884124,492.222
"196","IMG_0219_6.tif",36.51,38.5299926757813,44.1563686,-122.2884044,492.862
"197","IMG_0220_6.tif",37.47,38.5200134277344,44.1565118,-122.288404,492.915
"198","IMG_0221_6.tif",37.2500000000001,38.6299987792969,44.1567994,-122.2884028,493.316
"199","IMG_0222_6.tif",37.1300000000001,38.610009765625,44.1569433,-122.2884013,493.382
"200","IMG_0223_6.tif",36.27,38.610009765625,44.1571587,-122.2884008,493.48
"201","IMG_0224_6.tif",37.79,38.6,44.157417,-122.2883986,493.389
"202","IMG_0225_6.tif",37.35,38.6,44.1576478,-122.2883993,493.239
"203","IMG_0226_6.tif",37.61,38.5800109863281,44.1578067,-122.2883992,493.31
"204","IMG_0227_6.tif",36.87,38.5599914550781,44.1580831,-122.2884003,493.595
"205","IMG_0228_6.tif",36.51,38.5500122070313,44.1582417,-122.2884018,493.652
"206","IMG_0229_6.tif",36.1300000000001,38.5200134277344,44.1584727,-122.2884052,493.588
"207","IMG_0230_6.tif",33.73,38.4800048828125,44.1586456,-122.2884048,493.644
"208","IMG_0231_6.tif",32.87,38.4500061035156,44.1589039,-122.2884021,493.586
"209","IMG_0232_6.tif",32.99,38.4099975585938,44.1591017,-122.2884001,493.082
"210","IMG_0233_6.tif",30.93,38.3699890136719,44.1593163,-122.2883953,493.014
"211","IMG_0234_6.tif",32.89,38.35,44.1595459,-122.2883969,492.975
"212","IMG_0235_6.tif",34.47,38.3200012207031,44.1597757,-122.2883983,492.79
"213","IMG_0236_6.tif",34.1900000000001,38.3000122070313,44.159979,-122.2884001,492.742
"214","IMG_0237_6.tif",37.5700000000001,38.2700134277344,44.1601952,-122.288399,493.031
"215","IMG_0238_6.tif",43.89,38.2300048828125,44.1604278,-122.2884016,493.273
"216","IMG_0239_6.tif",38.43,38.2199951171875,44.1605621,-122.2884042,493.052
"217","IMG_0240_6.tif",39.03,38.2000061035156,44.1605567,-122.2883997,492.557
"218","IMG_0241_6.tif",41.93,38.1700073242188,44.1605582,-122.2882615,492.498
"219","IMG_0242_6.tif",45.51,38.1499877929688,44.1605595,-122.2879889,492.773
"220","IMG_0243_6.tif",44.05,38.1299987792969,44.1605591,-122.2877315,493.269
"221","IMG_0244_6.tif",43.81,38.1,44.1605609,-122.2875715,493.058
"222","IMG_0245_6.tif",39.5700000000001,38.089990234375,44.1605553,-122.287571,492.764
"223","IMG_0246_6.tif",31.01,38.0800109863281,44.1603637,-122.2875697,492.668
"224","IMG_0247_6.tif",31.85,38.0599914550781,44.1601632,-122.2875702,492.473
"225","IMG_0248_6.tif",33.47,38.0500122070313,44.1599617,-122.2875705,492.533
"226","IMG_0249_6.tif",31.31,38.0700012207031,44.1597034,-122.2875742,492.774
"227","IMG_0250_6.tif",31.85,38.0599914550781,44.1595584,-122.2875729,492.812
"228","IMG_0251_6.tif",34.6900000000001,38.0800109863281,44.1593127,-122.2875756,493.03
"229","IMG_0252_6.tif",32.91,38.1,44.1590673,-122.2875739,493.288
"230","IMG_0253_6.tif",37.11,38.1,44.1588491,-122.2875697,493.398
"231","IMG_0254_6.tif",36.27,38.1299987792969,44.1586182,-122.2875688,493.507
"232","IMG_0255_6.tif",36.27,38.1499877929688,44.1583728,-122.2875693,493.476
"233","IMG_0256_6.tif",36.87,38.1599975585938,44.1582147,-122.2875712,493.41
"234","IMG_0257_6.tif",37.59,38.1799865722656,44.1580585,-122.2875745,493.163
"235","IMG_0258_6.tif",37.59,38.1899963378906,44.1577991,-122.2875757,493.197
"236","IMG_0259_6.tif",36.99,38.2099853515625,44.1575539,-122.2875767,493.305
"237","IMG_0260_6.tif",37.81,38.2099853515625,44.1573363,-122.2875723,493.442
"238","IMG_0261_6.tif",37.27,38.2099853515625,44.1571487,-122.2875704,493.349
"239","IMG_0262_6.tif",37.1300000000001,38.2199951171875,44.1569178,-122.2875746,493
"240","IMG_0263_6.tif",37.39,38.2199951171875,44.1566591,-122.2875746,492.96
"241","IMG_0264_6.tif",37.45,38.2199951171875,44.1564726,-122.2875736,492.975
"242","IMG_0265_6.tif",35.01,38.2099853515625,44.1562851,-122.2875725,493.034
"243","IMG_0266_6.tif",37.7500000000001,38.2300048828125,44.1560463,-122.2875708,492.965
"244","IMG_0267_6.tif",37.67,38.2400146484375,44.156039,-122.287571,492.606
"245","IMG_0268_6.tif",37.11,38.2600036621094,44.1560365,-122.2874998,492.483
"246","IMG_0269_6.tif",36.99,38.2600036621094,44.1560369,-122.2872352,492.438
"247","IMG_0270_6.tif",36.47,38.2799926757813,44.1560354,-122.2868977,492.803
"248","IMG_0271_6.tif",38.0700000000001,38.2799926757813,44.1560361,-122.2867328,492.675
"249","IMG_0272_6.tif",37.31,38.2700134277344,44.1560689,-122.2867355,492.125
"250","IMG_0273_6.tif",38.1300000000001,38.2600036621094,44.1562171,-122.2867327,492.178
"251","IMG_0274_6.tif",37.21,38.2600036621094,44.1563496,-122.2867312,492.359
"252","IMG_0275_6.tif",37.31,38.2300048828125,44.1566507,-122.2867274,492.608
"253","IMG_0276_6.tif",36.79,38.2199951171875,44.1568525,-122.2867286,492.748
"254","IMG_0277_6.tif",36.59,38.2000061035156,44.1570958,-122.2867262,492.438
"255","IMG_0278_6.tif",37.15,38.1899963378906,44.1572693,-122.2867245,492.549
"256","IMG_0279_6.tif",37.27,38.1599975585938,44.1574862,-122.2867222,492.684
"257","IMG_0280_6.tif",33.79,38.1199890136719,44.1576741,-122.2867228,492.688
"258","IMG_0281_6.tif",37.47,38.110009765625,44.1579448,-122.2867221,492.384
"259","IMG_0282_6.tif",34.95,38.089990234375,44.1581469,-122.2867217,492.424
"260","IMG_0283_6.tif",35.01,38.0599914550781,44.1583509,-122.286726,492.611
"261","IMG_0284_6.tif",35.15,38.0400024414063,44.1585977,-122.2867253,492.695
"262","IMG_0285_6.tif",34.73,38.0100036621094,44.1587562,-122.2867249,492.523
"263","IMG_0286_6.tif",31.53,37.9999938964844,44.1590005,-122.2867263,492.611
"264","IMG_0287_6.tif",31.81,37.9800048828125,44.159216,-122.2867253,492.465
"265","IMG_0288_6.tif",32.03,37.9599853515625,44.1593745,-122.2867249,492.683
"266","IMG_0289_6.tif",33.2500000000001,37.9299865722656,44.1596614,-122.286722,493.046
"267","IMG_0290_6.tif",31.0700000000001,37.9200073242188,44.1598771,-122.2867201,493.227
"268","IMG_0291_6.tif",30.99,37.8999877929688,44.1601061,-122.2867203,493.196
"269","IMG_0292_6.tif",37.79,37.8799987792969,44.1603222,-122.2867201,493.112
"270","IMG_0293_6.tif",37.71,37.8799987792969,44.160526,-122.2867199,493.037
"271","IMG_0294_6.tif",38.09,37.8900085449219,44.1605526,-122.2867183,492.475
"272","IMG_0295_6.tif",37.09,37.8799987792969,44.1605505,-122.2867113,492.472
"273","IMG_0296_6.tif",36.6900000000001,37.8799987792969,44.160553,-122.2864692,492.51
"274","IMG_0297_6.tif",36.5700000000001,37.8799987792969,44.1605569,-122.2861903,492.681
"275","IMG_0298_6.tif",37.1300000000001,37.8699890136719,44.1605582,-122.2859007,493.153
"276","IMG_0299_6.tif",37.6900000000001,37.860009765625,44.1605585,-122.2858964,493.014
"277","IMG_0300_6.tif",36.67,37.860009765625,44.1604818,-122.2858913,492.902
"278","IMG_0301_6.tif",32.39,37.860009765625,44.1602602,-122.2858968,492.791
"279","IMG_0302_6.tif",32.97,37.85,44.1600487,-122.2858957,493.107
"280","IMG_0303_6.tif",32.27,37.860009765625,44.1598176,-122.2858891,493.18
"281","IMG_0304_6.tif",31.27,37.860009765625,44.1596307,-122.2858894,493.252
"282","IMG_0305_6.tif",33.83,37.8699890136719,44.1593845,-122.285892,493.435
"283","IMG_0306_6.tif",34.21,37.8900085449219,44.159169,-122.2858921,493.466
"284","IMG_0307_6.tif",34.91,37.9200073242188,44.1589524,-122.2858896,493.37
"285","IMG_0308_6.tif",33.1300000000001,37.9299865722656,44.1587661,-122.2858929,493.026
"286","IMG_0309_6.tif",32.79,37.9500061035156,44.1585499,-122.2858917,493.19
"287","IMG_0310_6.tif",34.09,37.9800048828125,44.1583184,-122.2858936,493.166
"288","IMG_0311_6.tif",37.29,38.0100036621094,44.158045,-122.2858944,493.071
"289","IMG_0312_6.tif",37.1300000000001,38.0200134277344,44.1579156,-122.285896,493.058
"290","IMG_0313_6.tif",37.43,38.0500122070313,44.1576417,-122.2858959,493.088
"291","IMG_0314_6.tif",37.31,38.0800109863281,44.1574839,-122.2858956,493.108
"292","IMG_0315_6.tif",36.89,38.1,44.1572243,-122.2858949,493.058
"293","IMG_0316_6.tif",34.49,38.1199890136719,44.1569944,-122.2858949,493.11
"294","IMG_0317_6.tif",36.77,38.1400085449219,44.1568075,-122.2858949,493.14
"295","IMG_0318_6.tif",37.89,38.1499877929688,44.156604,-122.2858924,493.364
"296","IMG_0319_6.tif",37.49,38.1799865722656,44.1563168,-122.2858934,493.151
"297","IMG_0320_6.tif",37.83,38.1899963378906,44.1561876,-122.2858937,493.1
"298","IMG_0321_6.tif",37.09,38.360009765625,44.156044,-122.2858922,492.517
"299","IMG_0322_6.tif",37.35,38.3699890136719,44.1560431,-122.2858782,492.32
"300","IMG_0323_6.tif",37.6300000000001,38.3999877929688,44.1560389,-122.2855981,492.011
"301","IMG_0324_6.tif",37.53,38.4299865722656,44.1560405,-122.2853424,492.111
"302","IMG_0325_6.tif",38.21,38.4599853515625,44.1560392,-122.2850634,492.576
"303","IMG_0326_6.tif",37.27,38.4699951171875,44.1560407,-122.2850584,492.278
"304","IMG_0327_6.tif",37.29,38.4900146484375,44.1561281,-122.285055,492.074
"305","IMG_0328_6.tif",37.37,38.4699951171875,44.1563379,-122.2850532,492.46
"306","IMG_0329_6.tif",36.6900000000001,38.4699951171875,44.1565517,-122.28505,492.337
"307","IMG_0330_6.tif",33.1900000000001,38.4599853515625,44.1567531,-122.2850489,492.444
"308","IMG_0331_6.tif",38.55,38.4500061035156,44.1569679,-122.2850459,492.547
"309","IMG_0332_6.tif",37.6300000000001,38.4200073242188,44.157184,-122.2850485,492.701
"310","IMG_0333_6.tif",36.67,38.3999877929688,44.1573854,-122.2850492,492.81
"311","IMG_0334_6.tif",37.21,38.360009765625,44.1576009,-122.2850518,492.853
"312","IMG_0335_6.tif",36.83,38.3300109863281,44.1578023,-122.2850497,492.871
"313","IMG_0336_6.tif",36.31,38.3099914550781,44.1580612,-122.2850481,493.1
"314","IMG_0337_6.tif",32.03,38.2499938964844,44.1582919,-122.2850477,492.996
"315","IMG_0338_6.tif",34.85,38.2300048828125,44.1584505,-122.2850442,493.045
"316","IMG_0339_6.tif",32.55,38.2099853515625,44.1586814,-122.2850438,493.127
"317","IMG_0340_6.tif",34.5700000000001,38.1700073242188,44.1589117,-122.285046,493.223
"318","IMG_0341_6.tif",35.5700000000001,38.1400085449219,44.1590979,-122.2850447,493.007
"319","IMG_0342_6.tif",31.53,38.110009765625,44.159343,-122.2850464,492.957
"320","IMG_0343_6.tif",31.15,38.1,44.1595602,-122.2850511,492.861
"321","IMG_0344_6.tif",32.31,38.0500122070313,44.1598194,-122.2850507,492.903
"322","IMG_0345_6.tif",33.73,38.0200134277344,44.1600057,-122.2850539,492.926
"323","IMG_0346_6.tif",38.03,37.9999938964844,44.1601906,-122.2850503,492.701
"324","IMG_0347_6.tif",36.93,37.9800048828125,44.1604676,-122.2850465,493.166
"325","IMG_0348_6.tif",38.29,37.9699951171875,44.1605589,-122.2850477,492.97
"326","IMG_0349_6.tif",37.59,37.9599853515625,44.1605542,-122.2850433,492.709
"327","IMG_0350_6.tif",36.65,37.9500061035156,44.160555,-122.2849402,492.526
"328","IMG_0351_6.tif",36.77,37.9399963378906,44.1605563,-122.2846324,492.685
"329","IMG_0352_6.tif",37.91,37.9399963378906,44.1605575,-122.2843161,492.889
"330","IMG_0353_6.tif",38.45,37.9500061035156,44.1605582,-122.2842155,492.74
"331","IMG_0354_6.tif",37.0700000000001,37.9399963378906,44.1605402,-122.2842222,492.421
"332","IMG_0355_6.tif",38.65,37.9500061035156,44.1602975,-122.2842178,492.611
"333","IMG_0356_6.tif",40.31,37.9500061035156,44.160169,-122.2842162,492.612
"334","IMG_0357_6.tif",35.81,37.9599853515625,44.1598946,-122.2842151,493.026
"335","IMG_0358_6.tif",37.0700000000001,37.9800048828125,44.1596784,-122.2842146,493.147
"336","IMG_0359_6.tif",32.99,37.9800048828125,44.1595208,-122.2842163,492.99
"337","IMG_0360_6.tif",33.05,38.0100036621094,44.1593337,-122.2842173,492.879
"338","IMG_0361_6.tif",30.41,38.0200134277344,44.1590003,-122.2842138,493.001
"339","IMG_0362_6.tif",32.21,38.0500122070313,44.1588709,-122.284214,493.158
"340","IMG_0363_6.tif",31.89,38.0599914550781,44.158612,-122.2842142,493.616
"341","IMG_0364_6.tif",32.45,38.0800109863281,44.1584251,-122.2842113,493.684
"342","IMG_0365_6.tif",33.73,38.110009765625,44.1582085,-122.2842127,493.526
"343","IMG_0366_6.tif",33.55,38.1199890136719,44.1580354,-122.2842139,493.369
"344","IMG_0367_6.tif",36.7500000000001,38.1499877929688,44.1577472,-122.2842119,493.105
"345","IMG_0368_6.tif",36.99,38.1700073242188,44.1575758,-122.2842152,492.717
"346","IMG_0369_6.tif",35.85,38.2099853515625,44.1572596,-122.2842158,492.66
"347","IMG_0370_6.tif",35.71,38.2099853515625,44.1571443,-122.2842158,492.625
"348","IMG_0371_6.tif",37.23,38.2400146484375,44.1569144,-122.2842168,492.636
"349","IMG_0372_6.tif",37.47,38.2799926757813,44.1566411,-122.2842154,492.663
"350","IMG_0373_6.tif",37.77,38.2900024414063,44.1564674,-122.2842144,492.575
"351","IMG_0374_6.tif",36.73,38.3200012207031,44.1563235,-122.284214,492.571
"352","IMG_0375_6.tif",38.03,38.339990234375,44.1560626,-122.2842164,492.481
"353","IMG_0376_6.tif",37.0700000000001,38.3699890136719,44.1560456,-122.2842115,492.283
"354","IMG_0377_6.tif",37.49,38.3900085449219,44.156083,-122.2843173,491.901
