point_id,year,dist_origin,temp,restored,fire,temp_at_release,discharge,canopy_cov,air_temp_C,POINT_X,POINT_Y
1,2009,150,17.2000008,0,0,15.1,511,0.717,26.7,557324.7319,4889648.984
2,2009,152,17.2999992,0,0,15.1,511,0.717,26.7,557322.7891,4889648.514
3,2009,154,17.2000008,0,0,15.1,511,0.717,26.7,557320.9684,4889647.687
4,2009,156,17.2000008,0,0,15.1,511,0.717,26.7,557319.1477,4889646.859
5,2009,158,17.2000008,0,0,15.1,511,0.717,26.7,557317.3269,4889646.032
6,2009,160,17.2000008,0,0,15.1,511,0.717,26.7,557315.4067,4889645.615
7,2009,162,17.2000008,0,0,15.1,511,0.717,26.7,557313.4091,4889645.517
8,2009,164,17.1000004,0,0,15.1,511,0.717,26.7,557311.4114,4889645.42
9,2009,166,17.2000008,0,0,15.1,511,0.717,26.7,557309.4149,4889645.375
10,2009,168,17.2000008,0,0,15.1,511,0.717,26.7,557307.4228,4889645.553
11,2009,170,17.1000004,0,0,15.1,511,0.717,26.7,557305.4307,4889645.731
12,2009,172,17.1000004,0,0,15.1,511,0.717,26.7,557303.4357,4889645.871
13,2009,174,17.2000008,0,0,15.1,511,0.717,26.7,557301.4403,4889646.007
14,2009,176,17.2000008,0,0,15.1,511,0.717,26.7,557299.4573,4889646.242
15,2009,178,17.2000008,0,0,15.1,511,0.717,26.7,557297.4892,4889646.598
16,2009,220,17.2000008,0,0,15.1,511,0.717,26.7,557257.7267,4889658.836
17,2009,222,17.2000008,0,0,15.1,511,0.717,26.7,557255.9316,4889659.718
18,2009,224,17.2000008,0,0,15.1,511,0.717,26.7,557254.2279,4889660.759
19,2009,226,17.1000004,0,0,15.1,511,0.717,26.7,557252.558,4889661.86
20,2009,228,17.2000008,0,0,15.1,511,0.717,26.7,557250.9828,4889663.085
21,2009,274,17.2000008,0,0,15.1,511,0.717,26.7,557228.9789,4889699.775
22,2009,288,17.2000008,0,0,15.1,511,0.717,26.7,557222.8863,4889712.366
23,2009,310,17.1000004,0,0,15.1,511,0.717,26.7,557217.4595,4889733.678
24,2009,320,17.2999992,0,0,15.1,511,0.717,26.7,557216.347,4889743.614
25,2009,322,17.2000008,0,0,15.1,511,0.717,26.7,557216.9023,4889745.491
26,2009,334,17.2999992,0,0,15.1,511,0.717,26.7,557221.5425,4889756.554
27,2009,344,17.7000008,0,0,15.1,511,0.717,26.7,557226.7935,4889765.064
28,2009,346,17.8999996,0,0,15.1,511,0.717,26.7,557227.8437,4889766.766
29,2009,348,17.8999996,0,0,15.1,511,0.717,26.7,557228.9028,4889768.462
30,2009,350,18.1000004,0,0,15.1,511,0.717,26.7,557230.0945,4889770.069
31,2009,2,17.2000008,0,0,15.1,511,0.717,26.7,557435.9504,4889730.821
32,2009,4,17.1000004,0,0,15.1,511,0.717,26.7,557434.8745,4889729.135
33,2009,6,17.2000008,0,0,15.1,511,0.717,26.7,557433.7987,4889727.449
34,2009,8,17.2000008,0,0,15.1,511,0.717,26.7,557432.7229,4889725.763
35,2009,10,17.1000004,0,0,15.1,511,0.717,26.7,557431.6471,4889724.077
36,2009,12,17.2000008,0,0,15.1,511,0.717,26.7,557430.5712,4889722.391
37,2009,14,17.2000008,0,0,15.1,511,0.717,26.7,557429.4954,4889720.705
38,2009,20,17.2000008,0,0,15.1,511,0.717,26.7,557426.2679,4889715.647
39,2009,22,17.2000008,0,0,15.1,511,0.717,26.7,557425.1921,4889713.961
40,2009,24,17.1000004,0,0,15.1,511,0.717,26.7,557424.1163,4889712.275
41,2009,26,17.1000004,0,0,15.1,511,0.717,26.7,557423.0496,4889710.583
42,2009,28,17.1000004,0,0,15.1,511,0.717,26.7,557421.9916,4889708.886
43,2009,30,17.1000004,0,0,15.1,511,0.717,26.7,557420.9336,4889707.189
44,2009,32,17,0,0,15.1,511,0.717,26.7,557419.8756,4889705.492
45,2009,34,17.1000004,0,0,15.1,511,0.717,26.7,557418.8176,4889703.795
46,2009,36,17.2000008,0,0,15.1,511,0.717,26.7,557417.7596,4889702.097
47,2009,38,17,0,0,15.1,511,0.717,26.7,557416.7015,4889700.4
48,2009,40,17.2000008,0,0,15.1,511,0.717,26.7,557415.6435,4889698.703
49,2009,42,17.1000004,0,0,15.1,511,0.717,26.7,557414.5855,4889697.006
50,2009,44,17,0,0,15.1,511,0.717,26.7,557413.3531,4889695.453
51,2009,46,17.1000004,0,0,15.1,511,0.717,26.7,557411.8835,4889694.096
52,2009,58,17.1000004,0,0,15.1,511,0.717,26.7,557403.2902,4889685.798
53,2009,60,17.1000004,0,0,15.1,511,0.717,26.7,557402.497,4889683.962
54,2009,70,17,0,0,15.1,511,0.717,26.7,557398.2642,4889674.992
55,2009,76,17,0,0,15.1,511,0.717,26.7,557393.4642,4889671.392
56,2009,78,17,0,0,15.1,511,0.717,26.7,557391.8642,4889670.192
57,2009,80,17.1000004,0,0,15.1,511,0.717,26.7,557390.2642,4889668.992
58,2009,82,17.1000004,0,0,15.1,511,0.717,26.7,557388.6642,4889667.792
59,2009,84,17.1000004,0,0,15.1,511,0.717,26.7,557386.7611,4889667.19
60,2009,88,17.2000008,0,0,15.1,511,0.717,26.7,557382.935,4889666.023
61,2009,90,17.2000008,0,0,15.1,511,0.717,26.7,557380.9919,4889665.575
62,2009,92,17.1000004,0,0,15.1,511,0.717,26.7,557379.012,4889665.292
63,2009,94,17.2000008,0,0,15.1,511,0.717,26.7,557377.0321,4889665.009
64,2009,96,17.1000004,0,0,15.1,511,0.717,26.7,557375.0522,4889664.726
65,2009,98,17.2000008,0,0,15.1,511,0.717,26.7,557373.1135,4889664.254
66,2009,106,17.1000004,0,0,15.1,511,0.717,26.7,557365.4376,4889662
67,2009,108,17.1000004,0,0,15.1,511,0.717,26.7,557363.5706,4889661.314
68,2009,110,17.2000008,0,0,15.1,511,0.717,26.7,557361.8341,4889660.321
69,2009,112,17.2000008,0,0,15.1,511,0.717,26.7,557359.956,4889659.707
70,2009,114,17.2999992,0,0,15.1,511,0.717,26.7,557357.9948,4889659.315
71,2009,116,17.2000008,0,0,15.1,511,0.717,26.7,557356.0955,4889658.72
72,2009,118,17.3999996,0,0,15.1,511,0.717,26.7,557354.2493,4889657.951
73,2009,120,17.3999996,0,0,15.1,511,0.717,26.7,557352.4032,4889657.182
74,2009,122,17.2999992,0,0,15.1,511,0.717,26.7,557350.427,4889656.968
75,2009,126,17.2000008,0,0,15.1,511,0.717,26.7,557346.4356,4889656.706
76,2009,128,17.3999996,0,0,15.1,511,0.717,26.7,557344.4399,4889656.575
77,2009,130,17.2999992,0,0,15.1,511,0.717,26.7,557342.7212,4889655.701
78,2009,134,17.2000008,0,0,15.1,511,0.717,26.7,557339.5328,4889653.286
79,2009,136,17.2000008,0,0,15.1,511,0.717,26.7,557337.9386,4889652.078
80,2009,138,17.2000008,0,0,15.1,511,0.717,26.7,557336.3445,4889650.871
81,2009,140,17.2000008,0,0,15.1,511,0.717,26.7,557334.6024,4889650.103
82,2009,142,17.1000004,0,0,15.1,511,0.717,26.7,557332.6024,4889650.103
83,2009,144,17.2000008,0,0,15.1,511,0.717,26.7,557330.6024,4889650.103
84,2009,146,17.1000004,0,0,15.1,511,0.717,26.7,557328.6262,4889649.898
85,2009,148,17.2000008,0,0,15.1,511,0.717,26.7,557326.679,4889649.441
86,2009,1018,17.5,0,0,15.1,511,0.717,26.7,556647.1146,4889887.82
87,2009,1028,17.6000004,0,0,15.1,511,0.717,26.7,556637.9538,4889883.81
88,2009,1074,17.7000008,0,0,15.1,511,0.717,26.7,556595.8142,4889865.364
89,2009,1076,17.6000004,0,0,15.1,511,0.717,26.7,556593.9821,4889864.562
90,2009,1078,17.6000004,0,0,15.1,511,0.717,26.7,556592.1499,4889863.76
91,2009,1080,17.6000004,0,0,15.1,511,0.717,26.7,556590.247,4889863.152
92,2009,1082,17.5,0,0,15.1,511,0.717,26.7,556588.3287,4889862.587
93,2009,1084,17.5,0,0,15.1,511,0.717,26.7,556586.4104,4889862.021
94,2009,1086,17.6000004,0,0,15.1,511,0.717,26.7,556584.4922,4889861.455
95,2009,1088,17.5,0,0,15.1,511,0.717,26.7,556582.5739,4889860.889
96,2009,1090,17.5,0,0,15.1,511,0.717,26.7,556580.6557,4889860.323
97,2009,1092,17.3999996,0,0,15.1,511,0.717,26.7,556578.7374,4889859.757
98,2009,1094,17.5,0,0,15.1,511,0.717,26.7,556576.8191,4889859.191
99,2009,1096,17.5,0,0,15.1,511,0.717,26.7,556574.9009,4889858.625
100,2009,428,17,0,0,15.1,511,0.717,26.7,557201.1343,4889839.63
101,2009,438,17.3999996,0,0,15.1,511,0.717,26.7,557192.2239,4889844.032
102,2009,440,17.5,0,0,15.1,511,0.717,26.7,557190.5281,4889845.052
103,2009,442,17.3999996,0,0,15.1,511,0.717,26.7,557189.0354,4889846.384
104,2009,352,18.7000008,0,0,15.1,511,0.717,26.7,557231.2862,4889771.675
105,2009,354,18.2000008,0,0,15.1,511,0.717,26.7,557231.4721,4889773.471
106,2009,356,17.6000004,0,0,15.1,511,0.717,26.7,557230.9503,4889775.402
107,2009,358,17.5,0,0,15.1,511,0.717,26.7,557230.4226,4889777.331
108,2009,360,17.6000004,0,0,15.1,511,0.717,26.7,557229.855,4889779.249
109,2009,844,17.6000004,0,0,15.1,511,0.717,26.7,556810.1104,4889935.502
110,2009,846,17.3999996,0,0,15.1,511,0.717,26.7,556808.117,4889935.34
111,2009,848,17.5,0,0,15.1,511,0.717,26.7,556806.1235,4889935.179
112,2009,850,17.3999996,0,0,15.1,511,0.717,26.7,556804.1286,4889935.083
113,2009,852,17.5,0,0,15.1,511,0.717,26.7,556802.13,4889935.157
114,2009,854,17.6000004,0,0,15.1,511,0.717,26.7,556800.1313,4889935.231
115,2009,856,17.5,0,0,15.1,511,0.717,26.7,556798.1327,4889935.305
116,2009,858,17.6000004,0,0,15.1,511,0.717,26.7,556796.1341,4889935.379
117,2009,860,17.6000004,0,0,15.1,511,0.717,26.7,556794.1355,4889935.454
118,2009,862,17.3999996,0,0,15.1,511,0.717,26.7,556792.1368,4889935.527
119,2009,864,17.5,0,0,15.1,511,0.717,26.7,556790.1439,4889935.419
120,2009,866,17.6000004,0,0,15.1,511,0.717,26.7,556788.1539,4889935.219
121,2009,868,17.5,0,0,15.1,511,0.717,26.7,556786.1638,4889935.021
122,2009,870,17.3999996,0,0,15.1,511,0.717,26.7,556784.1737,4889934.821
123,2009,872,17.5,0,0,15.1,511,0.717,26.7,556782.1836,4889934.622
124,2009,874,17.6000004,0,0,15.1,511,0.717,26.7,556780.1936,4889934.423
125,2009,876,17.7000008,0,0,15.1,511,0.717,26.7,556778.2035,4889934.224
126,2009,878,17.6000004,0,0,15.1,511,0.717,26.7,556776.2365,4889934.256
127,2009,880,17.7000008,0,0,15.1,511,0.717,26.7,556774.3249,4889934.845
128,2009,886,17.6000004,0,0,15.1,511,0.717,26.7,556768.5902,4889936.609
129,2009,888,17.5,0,0,15.1,511,0.717,26.7,556766.6787,4889937.197
130,2009,890,17.6000004,0,0,15.1,511,0.717,26.7,556764.7671,4889937.785
131,2009,892,17.6000004,0,0,15.1,511,0.717,26.7,556762.8961,4889937.511
132,2009,894,17.5,0,0,15.1,511,0.717,26.7,556761.048,4889936.746
133,2009,896,17.7000008,0,0,15.1,511,0.717,26.7,556759.2,4889935.982
134,2009,898,17.6000004,0,0,15.1,511,0.717,26.7,556757.352,4889935.217
135,2009,908,17.6000004,0,0,15.1,511,0.717,26.7,556748.1118,4889931.393
136,2009,910,17.7000008,0,0,15.1,511,0.717,26.7,556746.2638,4889930.629
137,2009,918,17.7999992,0,0,15.1,511,0.717,26.7,556738.8716,4889927.57
138,2009,930,17.7000008,0,0,15.1,511,0.717,26.7,556727.7834,4889922.982
139,2009,932,17.7000008,0,0,15.1,511,0.717,26.7,556725.9354,4889922.217
140,2009,934,17.6000004,0,0,15.1,511,0.717,26.7,556724.0874,4889921.452
141,2009,936,17.6000004,0,0,15.1,511,0.717,26.7,556722.2393,4889920.688
142,2009,938,17.7000008,0,0,15.1,511,0.717,26.7,556720.4008,4889919.9
143,2009,940,17.7000008,0,0,15.1,511,0.717,26.7,556718.5687,4889919.098
144,2009,942,17.6000004,0,0,15.1,511,0.717,26.7,556716.7365,4889918.296
145,2009,944,17.7000008,0,0,15.1,511,0.717,26.7,556714.9044,4889917.494
146,2009,776,17.3999996,0,0,15.1,511,0.717,26.7,556876.8063,4889928.987
147,2009,778,17.3999996,0,0,15.1,511,0.717,26.7,556874.8217,4889929.234
148,2009,780,17.5,0,0,15.1,511,0.717,26.7,556872.837,4889929.481
149,2009,782,17.3999996,0,0,15.1,511,0.717,26.7,556870.8683,4889929.8
150,2009,784,17.3999996,0,0,15.1,511,0.717,26.7,556868.9654,4889930.416
151,2009,786,17.2999992,0,0,15.1,511,0.717,26.7,556867.0625,4889931.032
152,2009,798,17.3999996,0,0,15.1,511,0.717,26.7,556855.6452,4889934.726
153,2009,800,17.2999992,0,0,15.1,511,0.717,26.7,556853.7184,4889935.252
154,2009,802,17.5,0,0,15.1,511,0.717,26.7,556851.7628,4889935.671
155,2009,804,17.3999996,0,0,15.1,511,0.717,26.7,556849.8072,4889936.09
156,2009,806,17.3999996,0,0,15.1,511,0.717,26.7,556847.8516,4889936.509
157,2009,808,17.2999992,0,0,15.1,511,0.717,26.7,556845.896,4889936.929
158,2009,810,17.3999996,0,0,15.1,511,0.717,26.7,556843.9404,4889937.348
159,2009,812,17.3999996,0,0,15.1,511,0.717,26.7,556841.9848,4889937.767
160,2009,814,17.5,0,0,15.1,511,0.717,26.7,556840.0123,4889937.926
161,2009,816,17.3999996,0,0,15.1,511,0.717,26.7,556838.0188,4889937.765
162,2009,818,17.3999996,0,0,15.1,511,0.717,26.7,556836.0254,4889937.603
163,2009,638,17.3999996,0,0,15.1,511,0.717,26.7,557013.5855,4889914.788
164,2009,640,17.2999992,0,0,15.1,511,0.717,26.7,557011.6023,4889915.046
165,2009,642,17.5,0,0,15.1,511,0.717,26.7,557009.6317,4889915.386
166,2009,644,17.5,0,0,15.1,511,0.717,26.7,557007.6646,4889915.747
167,2009,646,17.5,0,0,15.1,511,0.717,26.7,557005.6976,4889916.108
168,2009,650,17.3999996,0,0,15.1,511,0.717,26.7,557001.7634,4889916.831
169,2009,654,17.3999996,0,0,15.1,511,0.717,26.7,556997.8292,4889917.554
170,2009,656,17.3999996,0,0,15.1,511,0.717,26.7,556995.8622,4889917.915
171,2009,658,17.3999996,0,0,15.1,511,0.717,26.7,556993.8951,4889918.277
172,2009,660,17.3999996,0,0,15.1,511,0.717,26.7,556991.9177,4889918.278
173,2009,662,17.3999996,0,0,15.1,511,0.717,26.7,556989.9331,4889918.03
174,2009,664,17.5,0,0,15.1,511,0.717,26.7,556987.9486,4889917.782
175,2009,672,17.2999992,0,0,15.1,511,0.717,26.7,556980.0104,4889916.79
176,2009,674,17.3999996,0,0,15.1,511,0.717,26.7,556978.0258,4889916.542
177,2009,676,17.5,0,0,15.1,511,0.717,26.7,556976.0411,4889916.64
178,2009,678,17.3999996,0,0,15.1,511,0.717,26.7,556974.0564,4889916.887
1,2019,150,17.8978806,1,0,14.15,826,0.311,28.9,557324.7319,4889648.984
2,2019,152,17.9071026,1,0,14.15,826,0.311,28.9,557322.7891,4889648.514
3,2019,154,18.1837845,1,0,14.15,826,0.311,28.9,557320.9684,4889647.687
4,2019,156,17.9163265,1,0,14.15,826,0.311,28.9,557319.1477,4889646.859
5,2019,158,17.8609886,1,0,14.15,826,0.311,28.9,557317.3269,4889646.032
6,2019,160,17.8978806,1,0,14.15,826,0.311,28.9,557315.4067,4889645.615
7,2019,162,18.0269985,1,0,14.15,826,0.311,28.9,557313.4091,4889645.517
8,2019,164,17.8609886,1,0,14.15,826,0.311,28.9,557311.4114,4889645.42
9,2019,166,18.0177746,1,0,14.15,826,0.311,28.9,557309.4149,4889645.375
10,2019,168,17.8333206,1,0,14.15,826,0.311,28.9,557307.4228,4889645.553
11,2019,170,17.8056526,1,0,14.15,826,0.311,28.9,557305.4307,4889645.731
12,2019,172,17.9993305,1,0,14.15,826,0.311,28.9,557303.4357,4889645.871
13,2019,174,18.0546665,1,0,14.15,826,0.311,28.9,557301.4403,4889646.007
14,2019,176,18.1837845,1,0,14.15,826,0.311,28.9,557299.4573,4889646.242
15,2019,178,18.8570461,1,0,14.15,826,0.311,28.9,557297.4892,4889646.598
16,2019,220,19.152174,1,0,14.15,826,0.311,28.9,557257.7267,4889658.836
17,2019,222,18.3682404,1,0,14.15,826,0.311,28.9,557255.9316,4889659.718
18,2019,224,18.4143543,1,0,14.15,826,0.311,28.9,557254.2279,4889660.759
19,2019,226,18.3129044,1,0,14.15,826,0.311,28.9,557252.558,4889661.86
20,2019,228,18.4420223,1,0,14.15,826,0.311,28.9,557250.9828,4889663.085
21,2019,274,18.7371502,1,0,14.15,826,0.311,28.9,557228.9789,4889699.775
22,2019,288,18.995388,1,0,14.15,826,0.311,28.9,557222.8863,4889712.366
23,2019,310,19.8899937,1,0,14.15,826,0.311,28.9,557217.4595,4889733.678
24,2019,320,19.198288,1,0,14.15,826,0.311,28.9,557216.347,4889743.614
25,2019,322,19.2720699,1,0,14.15,826,0.311,28.9,557216.9023,4889745.491
26,2019,334,18.7463741,1,0,14.15,826,0.311,28.9,557221.5425,4889756.554
27,2019,344,19.5303078,1,0,14.15,826,0.311,28.9,557226.7935,4889765.064
28,2019,346,18.4328003,1,0,14.15,826,0.311,28.9,557227.8437,4889766.766
29,2019,348,18.3682404,1,0,14.15,826,0.311,28.9,557228.9028,4889768.462
30,2019,350,18.2667904,1,0,14.15,826,0.311,28.9,557230.0945,4889770.069
31,2019,2,19.4749699,1,0,14.15,826,0.311,28.9,557435.9504,4889730.821
32,2019,4,18.9584961,1,0,14.15,826,0.311,28.9,557434.8745,4889729.135
33,2019,6,18.5250282,1,0,14.15,826,0.311,28.9,557433.7987,4889727.449
34,2019,8,18.6357002,1,0,14.15,826,0.311,28.9,557432.7229,4889725.763
35,2019,10,18.8847141,1,0,14.15,826,0.311,28.9,557431.6471,4889724.077
36,2019,12,19.198288,1,0,14.15,826,0.311,28.9,557430.5712,4889722.391
37,2019,14,19.179842,1,0,14.15,826,0.311,28.9,557429.4954,4889720.705
38,2019,20,19.262846,1,0,14.15,826,0.311,28.9,557426.2679,4889715.647
39,2019,22,19.1706181,1,0,14.15,826,0.311,28.9,557425.1921,4889713.961
40,2019,24,18.7832642,1,0,14.15,826,0.311,28.9,557424.1163,4889712.275
41,2019,26,18.7648201,1,0,14.15,826,0.311,28.9,557423.0496,4889710.583
42,2019,28,18.7648201,1,0,14.15,826,0.311,28.9,557421.9916,4889708.886
43,2019,30,18.4512463,1,0,14.15,826,0.311,28.9,557420.9336,4889707.189
44,2019,32,18.2944584,1,0,14.15,826,0.311,28.9,557419.8756,4889705.492
45,2019,34,18.2022305,1,0,14.15,826,0.311,28.9,557418.8176,4889703.795
46,2019,36,18.1284485,1,0,14.15,826,0.311,28.9,557417.7596,4889702.097
47,2019,38,18.0731125,1,0,14.15,826,0.311,28.9,557416.7015,4889700.4
48,2019,40,18.1007805,1,0,14.15,826,0.311,28.9,557415.6435,4889698.703
49,2019,42,18.1468945,1,0,14.15,826,0.311,28.9,557414.5855,4889697.006
50,2019,44,18.2483444,1,0,14.15,826,0.311,28.9,557413.3531,4889695.453
51,2019,46,18.4420223,1,0,14.15,826,0.311,28.9,557411.8835,4889694.096
52,2019,58,18.2114544,1,0,14.15,826,0.311,28.9,557403.2902,4889685.798
53,2019,60,18.0638905,1,0,14.15,826,0.311,28.9,557402.497,4889683.962
54,2019,70,18.4051304,1,0,14.15,826,0.311,28.9,557398.2642,4889674.992
55,2019,76,17.9716625,1,0,14.15,826,0.311,28.9,557393.4642,4889671.392
56,2019,78,17.8978806,1,0,14.15,826,0.311,28.9,557391.8642,4889670.192
57,2019,80,18.0915565,1,0,14.15,826,0.311,28.9,557390.2642,4889668.992
58,2019,82,18.1468945,1,0,14.15,826,0.311,28.9,557388.6642,4889667.792
59,2019,84,18.0823364,1,0,14.15,826,0.311,28.9,557386.7611,4889667.19
60,2019,88,18.0638905,1,0,14.15,826,0.311,28.9,557382.935,4889666.023
61,2019,90,17.6304207,1,0,14.15,826,0.311,28.9,557380.9919,4889665.575
62,2019,92,17.8056526,1,0,14.15,826,0.311,28.9,557379.012,4889665.292
63,2019,94,17.7503166,1,0,14.15,826,0.311,28.9,557377.0321,4889665.009
64,2019,96,17.8333206,1,0,14.15,826,0.311,28.9,557375.0522,4889664.726
65,2019,98,17.6765347,1,0,14.15,826,0.311,28.9,557373.1135,4889664.254
66,2019,106,17.6857567,1,0,14.15,826,0.311,28.9,557365.4376,4889662
67,2019,108,17.6119747,1,0,14.15,826,0.311,28.9,557363.5706,4889661.314
68,2019,110,17.8333206,1,0,14.15,826,0.311,28.9,557361.8341,4889660.321
69,2019,112,17.8148746,1,0,14.15,826,0.311,28.9,557359.956,4889659.707
70,2019,114,17.7410927,1,0,14.15,826,0.311,28.9,557357.9948,4889659.315
71,2019,116,17.9901085,1,0,14.15,826,0.311,28.9,557356.0955,4889658.72
72,2019,118,17.8794346,1,0,14.15,826,0.311,28.9,557354.2493,4889657.951
73,2019,120,18.1007805,1,0,14.15,826,0.311,28.9,557352.4032,4889657.182
74,2019,122,18.2206764,1,0,14.15,826,0.311,28.9,557350.427,4889656.968
75,2019,126,19.050724,1,0,14.15,826,0.311,28.9,557346.4356,4889656.706
76,2019,128,18.2022305,1,0,14.15,826,0.311,28.9,557344.4399,4889656.575
77,2019,130,18.1468945,1,0,14.15,826,0.311,28.9,557342.7212,4889655.701
78,2019,134,18.3129044,1,0,14.15,826,0.311,28.9,557339.5328,4889653.286
79,2019,136,18.1468945,1,0,14.15,826,0.311,28.9,557337.9386,4889652.078
80,2019,138,18.0177746,1,0,14.15,826,0.311,28.9,557336.3445,4889650.871
81,2019,140,17.8333206,1,0,14.15,826,0.311,28.9,557334.6024,4889650.103
82,2019,142,17.8794346,1,0,14.15,826,0.311,28.9,557332.6024,4889650.103
83,2019,144,17.8333206,1,0,14.15,826,0.311,28.9,557330.6024,4889650.103
84,2019,146,17.9439926,1,0,14.15,826,0.311,28.9,557328.6262,4889649.898
85,2019,148,17.9716625,1,0,14.15,826,0.311,28.9,557326.679,4889649.441
86,2019,1018,18.1561184,1,0,14.15,826,0.311,28.9,556647.1146,4889887.82
87,2019,1028,17.7410927,1,0,14.15,826,0.311,28.9,556637.9538,4889883.81
88,2019,1074,18.1100025,1,0,14.15,826,0.311,28.9,556595.8142,4889865.364
89,2019,1076,18.1284485,1,0,14.15,826,0.311,28.9,556593.9821,4889864.562
90,2019,1078,18.1561184,1,0,14.15,826,0.311,28.9,556592.1499,4889863.76
91,2019,1080,18.1561184,1,0,14.15,826,0.311,28.9,556590.247,4889863.152
92,2019,1082,17.9808846,1,0,14.15,826,0.311,28.9,556588.3287,4889862.587
93,2019,1084,18.1007805,1,0,14.15,826,0.311,28.9,556586.4104,4889862.021
94,2019,1086,18.0823364,1,0,14.15,826,0.311,28.9,556584.4922,4889861.455
95,2019,1088,17.8978806,1,0,14.15,826,0.311,28.9,556582.5739,4889860.889
96,2019,1090,17.9901085,1,0,14.15,826,0.311,28.9,556580.6557,4889860.323
97,2019,1092,18.1007805,1,0,14.15,826,0.311,28.9,556578.7374,4889859.757
98,2019,1094,18.1745625,1,0,14.15,826,0.311,28.9,556576.8191,4889859.191
99,2019,1096,18.3129044,1,0,14.15,826,0.311,28.9,556574.9009,4889858.625
100,2019,428,18.1745625,1,0,14.15,826,0.311,28.9,557201.1343,4889839.63
101,2019,438,17.7410927,1,0,14.15,826,0.311,28.9,557192.2239,4889844.032
102,2019,440,17.8240986,1,0,14.15,826,0.311,28.9,557190.5281,4889845.052
103,2019,442,18.6541462,1,0,14.15,826,0.311,28.9,557189.0354,4889846.384
104,2019,352,18.2483444,1,0,14.15,826,0.311,28.9,557231.2862,4889771.675
105,2019,354,17.8333206,1,0,14.15,826,0.311,28.9,557231.4721,4889773.471
106,2019,356,18.1930084,1,0,14.15,826,0.311,28.9,557230.9503,4889775.402
107,2019,358,18.2022305,1,0,14.15,826,0.311,28.9,557230.4226,4889777.331
108,2019,360,18.3036823,1,0,14.15,826,0.311,28.9,557229.855,4889779.249
109,2019,844,18.6080322,1,0,14.15,826,0.311,28.9,556810.1104,4889935.502
110,2019,846,18.6172562,1,0,14.15,826,0.311,28.9,556808.117,4889935.34
111,2019,848,18.3590183,1,0,14.15,826,0.311,28.9,556806.1235,4889935.179
112,2019,850,18.4051304,1,0,14.15,826,0.311,28.9,556804.1286,4889935.083
113,2019,852,18.3866863,1,0,14.15,826,0.311,28.9,556802.13,4889935.157
114,2019,854,18.3959084,1,0,14.15,826,0.311,28.9,556800.1313,4889935.231
115,2019,856,18.3129044,1,0,14.15,826,0.311,28.9,556798.1327,4889935.305
116,2019,858,18.2299004,1,0,14.15,826,0.311,28.9,556796.1341,4889935.379
117,2019,860,18.0915565,1,0,14.15,826,0.311,28.9,556794.1355,4889935.454
118,2019,862,18.2667904,1,0,14.15,826,0.311,28.9,556792.1368,4889935.527
119,2019,864,18.2852364,1,0,14.15,826,0.311,28.9,556790.1439,4889935.419
120,2019,866,18.3405724,1,0,14.15,826,0.311,28.9,556788.1539,4889935.219
121,2019,868,18.3590183,1,0,14.15,826,0.311,28.9,556786.1638,4889935.021
122,2019,870,18.2483444,1,0,14.15,826,0.311,28.9,556784.1737,4889934.821
123,2019,872,18.3497944,1,0,14.15,826,0.311,28.9,556782.1836,4889934.622
124,2019,874,18.3497944,1,0,14.15,826,0.311,28.9,556780.1936,4889934.423
125,2019,876,18.2575665,1,0,14.15,826,0.311,28.9,556778.2035,4889934.224
126,2019,878,18.3036823,1,0,14.15,826,0.311,28.9,556776.2365,4889934.256
127,2019,880,18.4328003,1,0,14.15,826,0.311,28.9,556774.3249,4889934.845
128,2019,886,18.4881363,1,0,14.15,826,0.311,28.9,556768.5902,4889936.609
129,2019,888,18.4696922,1,0,14.15,826,0.311,28.9,556766.6787,4889937.197
130,2019,890,18.4328003,1,0,14.15,826,0.311,28.9,556764.7671,4889937.785
131,2019,892,18.5342503,1,0,14.15,826,0.311,28.9,556762.8961,4889937.511
132,2019,894,18.3497944,1,0,14.15,826,0.311,28.9,556761.048,4889936.746
133,2019,896,18.2852364,1,0,14.15,826,0.311,28.9,556759.2,4889935.982
134,2019,898,18.3866863,1,0,14.15,826,0.311,28.9,556757.352,4889935.217
135,2019,908,18.9308281,1,0,14.15,826,0.311,28.9,556748.1118,4889931.393
136,2019,910,19.7147598,1,0,14.15,826,0.311,28.9,556746.2638,4889930.629
137,2019,918,19.3827438,1,0,14.15,826,0.311,28.9,556738.8716,4889927.57
138,2019,930,18.7279282,1,0,14.15,826,0.311,28.9,556727.7834,4889922.982
139,2019,932,18.6449223,1,0,14.15,826,0.311,28.9,556725.9354,4889922.217
140,2019,934,18.7187042,1,0,14.15,826,0.311,28.9,556724.0874,4889921.452
141,2019,936,18.7187042,1,0,14.15,826,0.311,28.9,556722.2393,4889920.688
142,2019,938,18.6725922,1,0,14.15,826,0.311,28.9,556720.4008,4889919.9
143,2019,940,18.8478241,1,0,14.15,826,0.311,28.9,556718.5687,4889919.098
144,2019,942,18.8201561,1,0,14.15,826,0.311,28.9,556716.7365,4889918.296
145,2019,944,18.9308281,1,0,14.15,826,0.311,28.9,556714.9044,4889917.494
146,2019,776,19.2167339,1,0,14.15,826,0.311,28.9,556876.8063,4889928.987
147,2019,778,19.0230541,1,0,14.15,826,0.311,28.9,556874.8217,4889929.234
148,2019,780,19.078392,1,0,14.15,826,0.311,28.9,556872.837,4889929.481
149,2019,782,18.8201561,1,0,14.15,826,0.311,28.9,556870.8683,4889929.8
150,2019,784,18.912384,1,0,14.15,826,0.311,28.9,556868.9654,4889930.416
151,2019,786,18.8017101,1,0,14.15,826,0.311,28.9,556867.0625,4889931.032
152,2019,798,18.3682404,1,0,14.15,826,0.311,28.9,556855.6452,4889934.726
153,2019,800,18.5526943,1,0,14.15,826,0.311,28.9,556853.7184,4889935.252
154,2019,802,18.4051304,1,0,14.15,826,0.311,28.9,556851.7628,4889935.671
155,2019,804,18.4051304,1,0,14.15,826,0.311,28.9,556849.8072,4889936.09
156,2019,806,18.4235764,1,0,14.15,826,0.311,28.9,556847.8516,4889936.509
157,2019,808,18.2022305,1,0,14.15,826,0.311,28.9,556845.896,4889936.929
158,2019,810,18.5065823,1,0,14.15,826,0.311,28.9,556843.9404,4889937.348
159,2019,812,18.4973583,1,0,14.15,826,0.311,28.9,556841.9848,4889937.767
160,2019,814,18.3959084,1,0,14.15,826,0.311,28.9,556840.0123,4889937.926
161,2019,816,18.4328003,1,0,14.15,826,0.311,28.9,556838.0188,4889937.765
162,2019,818,18.4881363,1,0,14.15,826,0.311,28.9,556836.0254,4889937.603
163,2019,638,18.7555962,1,0,14.15,826,0.311,28.9,557013.5855,4889914.788
164,2019,640,18.6818142,1,0,14.15,826,0.311,28.9,557011.6023,4889915.046
165,2019,642,18.7187042,1,0,14.15,826,0.311,28.9,557009.6317,4889915.386
166,2019,644,18.6633682,1,0,14.15,826,0.311,28.9,557007.6646,4889915.747
167,2019,646,18.7002602,1,0,14.15,826,0.311,28.9,557005.6976,4889916.108
168,2019,650,18.6541462,1,0,14.15,826,0.311,28.9,557001.7634,4889916.831
169,2019,654,18.6725922,1,0,14.15,826,0.311,28.9,556997.8292,4889917.554
170,2019,656,18.7463741,1,0,14.15,826,0.311,28.9,556995.8622,4889917.915
171,2019,658,18.7463741,1,0,14.15,826,0.311,28.9,556993.8951,4889918.277
172,2019,660,18.7463741,1,0,14.15,826,0.311,28.9,556991.9177,4889918.278
173,2019,662,18.7740421,1,0,14.15,826,0.311,28.9,556989.9331,4889918.03
174,2019,664,18.7555962,1,0,14.15,826,0.311,28.9,556987.9486,4889917.782
175,2019,672,18.6910381,1,0,14.15,826,0.311,28.9,556980.0104,4889916.79
176,2019,674,18.8109322,1,0,14.15,826,0.311,28.9,556978.0258,4889916.542
177,2019,676,19.0322781,1,0,14.15,826,0.311,28.9,556976.0411,4889916.64
178,2019,678,19.0230541,1,0,14.15,826,0.311,28.9,556974.0564,4889916.887
1,2021,150,19.0876141,1,1,15.3,390,0.056,27.2,557324.7319,4889648.984
2,2021,152,19.1152821,1,1,15.3,390,0.056,27.2,557322.7891,4889648.514
3,2021,154,19.0046101,1,1,15.3,390,0.056,27.2,557320.9684,4889647.687
4,2021,156,19.078392,1,1,15.3,390,0.056,27.2,557319.1477,4889646.859
5,2021,158,19.225956,1,1,15.3,390,0.056,27.2,557317.3269,4889646.032
6,2021,160,19.2905159,1,1,15.3,390,0.056,27.2,557315.4067,4889645.615
7,2021,162,19.4011879,1,1,15.3,390,0.056,27.2,557313.4091,4889645.517
8,2021,164,19.3827438,1,1,15.3,390,0.056,27.2,557311.4114,4889645.42
9,2021,166,19.4196339,1,1,15.3,390,0.056,27.2,557309.4149,4889645.375
10,2021,168,19.4473019,1,1,15.3,390,0.056,27.2,557307.4228,4889645.553
11,2021,170,19.4288559,1,1,15.3,390,0.056,27.2,557305.4307,4889645.731
12,2021,172,19.3274059,1,1,15.3,390,0.056,27.2,557303.4357,4889645.871
13,2021,174,19.4380798,1,1,15.3,390,0.056,27.2,557301.4403,4889646.007
14,2021,176,19.6870937,1,1,15.3,390,0.056,27.2,557299.4573,4889646.242
15,2021,178,20.0744495,1,1,15.3,390,0.056,27.2,557297.4892,4889646.598
16,2021,220,20.0928936,1,1,15.3,390,0.056,27.2,557257.7267,4889658.836
17,2021,222,19.4011879,1,1,15.3,390,0.056,27.2,557255.9316,4889659.718
18,2021,224,19.2444,1,1,15.3,390,0.056,27.2,557254.2279,4889660.759
19,2021,226,19.5948658,1,1,15.3,390,0.056,27.2,557252.558,4889661.86
20,2021,228,20.1113396,1,1,15.3,390,0.056,27.2,557250.9828,4889663.085
21,2021,274,19.5856438,1,1,15.3,390,0.056,27.2,557228.9789,4889699.775
22,2021,288,19.6686478,1,1,15.3,390,0.056,27.2,557222.8863,4889712.366
23,2021,310,20.2035675,1,1,15.3,390,0.056,27.2,557217.4595,4889733.678
24,2021,320,19.8346577,1,1,15.3,390,0.056,27.2,557216.347,4889743.614
25,2021,322,19.9084396,1,1,15.3,390,0.056,27.2,557216.9023,4889745.491
26,2021,334,19.6502018,1,1,15.3,390,0.056,27.2,557221.5425,4889756.554
27,2021,344,20.5079174,1,1,15.3,390,0.056,27.2,557226.7935,4889765.064
28,2021,346,19.133728,1,1,15.3,390,0.056,27.2,557227.8437,4889766.766
29,2021,348,19.5948658,1,1,15.3,390,0.056,27.2,557228.9028,4889768.462
30,2021,350,19.9361057,1,1,15.3,390,0.056,27.2,557230.0945,4889770.069
31,2021,2,21.0981731,1,1,15.3,390,0.056,27.2,557435.9504,4889730.821
32,2021,4,21.5869789,1,1,15.3,390,0.056,27.2,557434.8745,4889729.135
33,2021,6,21.5869789,1,1,15.3,390,0.056,27.2,557433.7987,4889727.449
34,2021,8,21.0981731,1,1,15.3,390,0.056,27.2,557432.7229,4889725.763
35,2021,10,20.5540314,1,1,15.3,390,0.056,27.2,557431.6471,4889724.077
36,2021,12,20.2496796,1,1,15.3,390,0.056,27.2,557430.5712,4889722.391
37,2021,14,19.9637756,1,1,15.3,390,0.056,27.2,557429.4954,4889720.705
38,2021,20,19.1613979,1,1,15.3,390,0.056,27.2,557426.2679,4889715.647
39,2021,22,18.8201561,1,1,15.3,390,0.056,27.2,557425.1921,4889713.961
40,2021,24,19.0876141,1,1,15.3,390,0.056,27.2,557424.1163,4889712.275
41,2021,26,19.133728,1,1,15.3,390,0.056,27.2,557423.0496,4889710.583
42,2021,28,19.3827438,1,1,15.3,390,0.056,27.2,557421.9916,4889708.886
43,2021,30,19.124506,1,1,15.3,390,0.056,27.2,557420.9336,4889707.189
44,2021,32,19.124506,1,1,15.3,390,0.056,27.2,557419.8756,4889705.492
45,2021,34,19.1152821,1,1,15.3,390,0.056,27.2,557418.8176,4889703.795
46,2021,36,19.10606,1,1,15.3,390,0.056,27.2,557417.7596,4889702.097
47,2021,38,19.142952,1,1,15.3,390,0.056,27.2,557416.7015,4889700.4
48,2021,40,19.1706181,1,1,15.3,390,0.056,27.2,557415.6435,4889698.703
49,2021,42,19.318182,1,1,15.3,390,0.056,27.2,557414.5855,4889697.006
50,2021,44,19.4011879,1,1,15.3,390,0.056,27.2,557413.3531,4889695.453
51,2021,46,19.0599461,1,1,15.3,390,0.056,27.2,557411.8835,4889694.096
52,2021,58,19.2167339,1,1,15.3,390,0.056,27.2,557403.2902,4889685.798
53,2021,60,19.06917,1,1,15.3,390,0.056,27.2,557402.497,4889683.962
54,2021,70,19.10606,1,1,15.3,390,0.056,27.2,557398.2642,4889674.992
55,2021,76,19.2167339,1,1,15.3,390,0.056,27.2,557393.4642,4889671.392
56,2021,78,18.8109322,1,1,15.3,390,0.056,27.2,557391.8642,4889670.192
57,2021,80,18.9492741,1,1,15.3,390,0.056,27.2,557390.2642,4889668.992
58,2021,82,18.9308281,1,1,15.3,390,0.056,27.2,557388.6642,4889667.792
59,2021,84,19.050724,1,1,15.3,390,0.056,27.2,557386.7611,4889667.19
60,2021,88,18.8939381,1,1,15.3,390,0.056,27.2,557382.935,4889666.023
61,2021,90,19.06917,1,1,15.3,390,0.056,27.2,557380.9919,4889665.575
62,2021,92,18.912384,1,1,15.3,390,0.056,27.2,557379.012,4889665.292
63,2021,94,18.8570461,1,1,15.3,390,0.056,27.2,557377.0321,4889665.009
64,2021,96,18.9216061,1,1,15.3,390,0.056,27.2,557375.0522,4889664.726
65,2021,98,18.9400501,1,1,15.3,390,0.056,27.2,557373.1135,4889664.254
66,2021,106,18.7187042,1,1,15.3,390,0.056,27.2,557365.4376,4889662
67,2021,108,18.7371502,1,1,15.3,390,0.056,27.2,557363.5706,4889661.314
68,2021,110,18.6633682,1,1,15.3,390,0.056,27.2,557361.8341,4889660.321
69,2021,112,18.6633682,1,1,15.3,390,0.056,27.2,557359.956,4889659.707
70,2021,114,18.7002602,1,1,15.3,390,0.056,27.2,557357.9948,4889659.315
71,2021,116,18.4604683,1,1,15.3,390,0.056,27.2,557356.0955,4889658.72
72,2021,118,18.6264763,1,1,15.3,390,0.056,27.2,557354.2493,4889657.951
73,2021,120,18.6910381,1,1,15.3,390,0.056,27.2,557352.4032,4889657.182
74,2021,122,18.6725922,1,1,15.3,390,0.056,27.2,557350.427,4889656.968
75,2021,126,18.7002602,1,1,15.3,390,0.056,27.2,557346.4356,4889656.706
76,2021,128,18.5803642,1,1,15.3,390,0.056,27.2,557344.4399,4889656.575
77,2021,130,18.6541462,1,1,15.3,390,0.056,27.2,557342.7212,4889655.701
78,2021,134,18.9308281,1,1,15.3,390,0.056,27.2,557339.5328,4889653.286
79,2021,136,19.189064,1,1,15.3,390,0.056,27.2,557337.9386,4889652.078
80,2021,138,19.4011879,1,1,15.3,390,0.056,27.2,557336.3445,4889650.871
81,2021,140,19.3919659,1,1,15.3,390,0.056,27.2,557334.6024,4889650.103
82,2021,142,19.2997379,1,1,15.3,390,0.056,27.2,557332.6024,4889650.103
83,2021,144,19.2444,1,1,15.3,390,0.056,27.2,557330.6024,4889650.103
84,2021,146,19.20751,1,1,15.3,390,0.056,27.2,557328.6262,4889649.898
85,2021,148,19.281292,1,1,15.3,390,0.056,27.2,557326.679,4889649.441
86,2021,1018,20.5355873,1,1,15.3,390,0.056,27.2,556647.1146,4889887.82
87,2021,1028,20.2404575,1,1,15.3,390,0.056,27.2,556637.9538,4889883.81
88,2021,1074,19.4011879,1,1,15.3,390,0.056,27.2,556595.8142,4889865.364
89,2021,1076,19.3089619,1,1,15.3,390,0.056,27.2,556593.9821,4889864.562
90,2021,1078,19.10606,1,1,15.3,390,0.056,27.2,556592.1499,4889863.76
91,2021,1080,19.1613979,1,1,15.3,390,0.056,27.2,556590.247,4889863.152
92,2021,1082,19.050724,1,1,15.3,390,0.056,27.2,556588.3287,4889862.587
93,2021,1084,19.050724,1,1,15.3,390,0.056,27.2,556586.4104,4889862.021
94,2021,1086,18.9031601,1,1,15.3,390,0.056,27.2,556584.4922,4889861.455
95,2021,1088,18.8201561,1,1,15.3,390,0.056,27.2,556582.5739,4889860.889
96,2021,1090,18.8847141,1,1,15.3,390,0.056,27.2,556580.6557,4889860.323
97,2021,1092,19.0046101,1,1,15.3,390,0.056,27.2,556578.7374,4889859.757
98,2021,1094,18.912384,1,1,15.3,390,0.056,27.2,556576.8191,4889859.191
99,2021,1096,18.96772,1,1,15.3,390,0.056,27.2,556574.9009,4889858.625
100,2021,428,19.2167339,1,1,15.3,390,0.056,27.2,557201.1343,4889839.63
101,2021,438,19.10606,1,1,15.3,390,0.056,27.2,557192.2239,4889844.032
102,2021,440,19.4196339,1,1,15.3,390,0.056,27.2,557190.5281,4889845.052
103,2021,442,21.1073952,1,1,15.3,390,0.056,27.2,557189.0354,4889846.384
104,2021,352,19.6225338,1,1,15.3,390,0.056,27.2,557231.2862,4889771.675
105,2021,354,19.3642979,1,1,15.3,390,0.056,27.2,557231.4721,4889773.471
106,2021,356,19.1706181,1,1,15.3,390,0.056,27.2,557230.9503,4889775.402
107,2021,358,19.0599461,1,1,15.3,390,0.056,27.2,557230.4226,4889777.331
108,2021,360,19.3642979,1,1,15.3,390,0.056,27.2,557229.855,4889779.249
109,2021,844,20.2404575,1,1,15.3,390,0.056,27.2,556810.1104,4889935.502
110,2021,846,20.0560036,1,1,15.3,390,0.056,27.2,556808.117,4889935.34
111,2021,848,19.9545517,1,1,15.3,390,0.056,27.2,556806.1235,4889935.179
112,2021,850,20.0283337,1,1,15.3,390,0.056,27.2,556804.1286,4889935.083
113,2021,852,19.9822216,1,1,15.3,390,0.056,27.2,556802.13,4889935.157
114,2021,854,19.8531036,1,1,15.3,390,0.056,27.2,556800.1313,4889935.231
115,2021,856,19.8346577,1,1,15.3,390,0.056,27.2,556798.1327,4889935.305
116,2021,858,19.7977657,1,1,15.3,390,0.056,27.2,556796.1341,4889935.379
117,2021,860,19.9084396,1,1,15.3,390,0.056,27.2,556794.1355,4889935.454
118,2021,862,19.9453297,1,1,15.3,390,0.056,27.2,556792.1368,4889935.527
119,2021,864,19.9361057,1,1,15.3,390,0.056,27.2,556790.1439,4889935.419
120,2021,866,19.9361057,1,1,15.3,390,0.056,27.2,556788.1539,4889935.219
121,2021,868,20.0283337,1,1,15.3,390,0.056,27.2,556786.1638,4889935.021
122,2021,870,19.9545517,1,1,15.3,390,0.056,27.2,556784.1737,4889934.821
123,2021,872,20.0560036,1,1,15.3,390,0.056,27.2,556782.1836,4889934.622
124,2021,874,20.0744495,1,1,15.3,390,0.056,27.2,556780.1936,4889934.423
125,2021,876,20.0191116,1,1,15.3,390,0.056,27.2,556778.2035,4889934.224
126,2021,878,20.0652256,1,1,15.3,390,0.056,27.2,556776.2365,4889934.256
127,2021,880,20.0283337,1,1,15.3,390,0.056,27.2,556774.3249,4889934.845
128,2021,886,21.9743347,1,1,15.3,390,0.056,27.2,556768.5902,4889936.609
129,2021,888,20.0928936,1,1,15.3,390,0.056,27.2,556766.6787,4889937.197
130,2021,890,19.9637756,1,1,15.3,390,0.056,27.2,556764.7671,4889937.785
131,2021,892,20.0006676,1,1,15.3,390,0.056,27.2,556762.8961,4889937.511
132,2021,894,19.8807697,1,1,15.3,390,0.056,27.2,556761.048,4889936.746
133,2021,896,19.7055378,1,1,15.3,390,0.056,27.2,556759.2,4889935.982
134,2021,898,19.8992157,1,1,15.3,390,0.056,27.2,556757.352,4889935.217
135,2021,908,20.4156895,1,1,15.3,390,0.056,27.2,556748.1118,4889931.393
136,2021,910,20.7845993,1,1,15.3,390,0.056,27.2,556746.2638,4889930.629
137,2021,918,20.6739273,1,1,15.3,390,0.056,27.2,556738.8716,4889927.57
138,2021,930,19.8623238,1,1,15.3,390,0.056,27.2,556727.7834,4889922.982
139,2021,932,19.6502018,1,1,15.3,390,0.056,27.2,556725.9354,4889922.217
140,2021,934,19.6502018,1,1,15.3,390,0.056,27.2,556724.0874,4889921.452
141,2021,936,19.7239838,1,1,15.3,390,0.056,27.2,556722.2393,4889920.688
142,2021,938,19.7608757,1,1,15.3,390,0.056,27.2,556720.4008,4889919.9
143,2021,940,19.5948658,1,1,15.3,390,0.056,27.2,556718.5687,4889919.098
144,2021,942,19.8346577,1,1,15.3,390,0.056,27.2,556716.7365,4889918.296
145,2021,944,20.0375576,1,1,15.3,390,0.056,27.2,556714.9044,4889917.494
146,2021,776,20.2035675,1,1,15.3,390,0.056,27.2,556876.8063,4889928.987
147,2021,778,20.2681255,1,1,15.3,390,0.056,27.2,556874.8217,4889929.234
148,2021,780,20.2127895,1,1,15.3,390,0.056,27.2,556872.837,4889929.481
149,2021,782,20.0283337,1,1,15.3,390,0.056,27.2,556870.8683,4889929.8
150,2021,784,20.0744495,1,1,15.3,390,0.056,27.2,556868.9654,4889930.416
151,2021,786,20.0467796,1,1,15.3,390,0.056,27.2,556867.0625,4889931.032
152,2021,798,19.9361057,1,1,15.3,390,0.056,27.2,556855.6452,4889934.726
153,2021,800,20.0652256,1,1,15.3,390,0.056,27.2,556853.7184,4889935.252
154,2021,802,20.1666756,1,1,15.3,390,0.056,27.2,556851.7628,4889935.671
155,2021,804,20.1205616,1,1,15.3,390,0.056,27.2,556849.8072,4889936.09
156,2021,806,20.1021156,1,1,15.3,390,0.056,27.2,556847.8516,4889936.509
157,2021,808,19.9637756,1,1,15.3,390,0.056,27.2,556845.896,4889936.929
158,2021,810,19.8899937,1,1,15.3,390,0.056,27.2,556843.9404,4889937.348
159,2021,812,19.8069878,1,1,15.3,390,0.056,27.2,556841.9848,4889937.767
160,2021,814,19.8899937,1,1,15.3,390,0.056,27.2,556840.0123,4889937.926
161,2021,816,19.9176617,1,1,15.3,390,0.056,27.2,556838.0188,4889937.765
162,2021,818,19.7147598,1,1,15.3,390,0.056,27.2,556836.0254,4889937.603
163,2021,638,19.3919659,1,1,15.3,390,0.056,27.2,557013.5855,4889914.788
164,2021,640,19.3274059,1,1,15.3,390,0.056,27.2,557011.6023,4889915.046
165,2021,642,19.2167339,1,1,15.3,390,0.056,27.2,557009.6317,4889915.386
166,2021,644,19.152174,1,1,15.3,390,0.056,27.2,557007.6646,4889915.747
167,2021,646,19.3458519,1,1,15.3,390,0.056,27.2,557005.6976,4889916.108
168,2021,650,19.2167339,1,1,15.3,390,0.056,27.2,557001.7634,4889916.831
169,2021,654,19.0599461,1,1,15.3,390,0.056,27.2,556997.8292,4889917.554
170,2021,656,19.152174,1,1,15.3,390,0.056,27.2,556995.8622,4889917.915
171,2021,658,19.1613979,1,1,15.3,390,0.056,27.2,556993.8951,4889918.277
172,2021,660,19.189064,1,1,15.3,390,0.056,27.2,556991.9177,4889918.278
173,2021,662,19.2444,1,1,15.3,390,0.056,27.2,556989.9331,4889918.03
174,2021,664,19.179842,1,1,15.3,390,0.056,27.2,556987.9486,4889917.782
175,2021,672,19.0968361,1,1,15.3,390,0.056,27.2,556980.0104,4889916.79
176,2021,674,19.10606,1,1,15.3,390,0.056,27.2,556978.0258,4889916.542
177,2021,676,19.225956,1,1,15.3,390,0.056,27.2,556976.0411,4889916.64
178,2021,678,19.3827438,1,1,15.3,390,0.056,27.2,556974.0564,4889916.887
