point_id,year,dist_m,C_2009,restored,fire,temp_at_release,discharge,canopy_cov,air_temp_C
1,2009,150,17.2000008,0,0,15.1,511,1,26.7
2,2009,152,17.2999992,0,0,15.1,511,1,26.7
3,2009,154,17.2000008,0,0,15.1,511,1,26.7
4,2009,156,17.2000008,0,0,15.1,511,1,26.7
5,2009,158,17.2000008,0,0,15.1,511,1,26.7
6,2009,160,17.2000008,0,0,15.1,511,1,26.7
7,2009,162,17.2000008,0,0,15.1,511,1,26.7
8,2009,164,17.1000004,0,0,15.1,511,1,26.7
9,2009,166,17.2000008,0,0,15.1,511,1,26.7
10,2009,168,17.2000008,0,0,15.1,511,1,26.7
11,2009,170,17.1000004,0,0,15.1,511,1,26.7
12,2009,172,17.1000004,0,0,15.1,511,1,26.7
13,2009,174,17.2000008,0,0,15.1,511,1,26.7
14,2009,176,17.2000008,0,0,15.1,511,1,26.7
15,2009,178,17.2000008,0,0,15.1,511,1,26.7
16,2009,220,17.2000008,0,0,15.1,511,1,26.7
17,2009,222,17.2000008,0,0,15.1,511,1,26.7
18,2009,224,17.2000008,0,0,15.1,511,1,26.7
19,2009,226,17.1000004,0,0,15.1,511,1,26.7
20,2009,228,17.2000008,0,0,15.1,511,1,26.7
21,2009,274,17.2000008,0,0,15.1,511,1,26.7
22,2009,288,17.2000008,0,0,15.1,511,1,26.7
23,2009,310,17.1000004,0,0,15.1,511,1,26.7
24,2009,320,17.2999992,0,0,15.1,511,1,26.7
25,2009,322,17.2000008,0,0,15.1,511,1,26.7
26,2009,334,17.2999992,0,0,15.1,511,1,26.7
27,2009,344,17.7000008,0,0,15.1,511,1,26.7
28,2009,346,17.8999996,0,0,15.1,511,1,26.7
29,2009,348,17.8999996,0,0,15.1,511,1,26.7
30,2009,350,18.1000004,0,0,15.1,511,1,26.7
31,2009,2,17.2000008,0,0,15.1,511,1,26.7
32,2009,4,17.1000004,0,0,15.1,511,1,26.7
33,2009,6,17.2000008,0,0,15.1,511,1,26.7
34,2009,8,17.2000008,0,0,15.1,511,1,26.7
35,2009,10,17.1000004,0,0,15.1,511,1,26.7
36,2009,12,17.2000008,0,0,15.1,511,1,26.7
37,2009,14,17.2000008,0,0,15.1,511,1,26.7
38,2009,20,17.2000008,0,0,15.1,511,1,26.7
39,2009,22,17.2000008,0,0,15.1,511,1,26.7
40,2009,24,17.1000004,0,0,15.1,511,1,26.7
41,2009,26,17.1000004,0,0,15.1,511,1,26.7
42,2009,28,17.1000004,0,0,15.1,511,1,26.7
43,2009,30,17.1000004,0,0,15.1,511,1,26.7
44,2009,32,17,0,0,15.1,511,1,26.7
45,2009,34,17.1000004,0,0,15.1,511,1,26.7
46,2009,36,17.2000008,0,0,15.1,511,1,26.7
47,2009,38,17,0,0,15.1,511,1,26.7
48,2009,40,17.2000008,0,0,15.1,511,1,26.7
49,2009,42,17.1000004,0,0,15.1,511,1,26.7
50,2009,44,17,0,0,15.1,511,1,26.7
51,2009,46,17.1000004,0,0,15.1,511,1,26.7
52,2009,58,17.1000004,0,0,15.1,511,1,26.7
53,2009,60,17.1000004,0,0,15.1,511,1,26.7
54,2009,70,17,0,0,15.1,511,1,26.7
55,2009,76,17,0,0,15.1,511,1,26.7
56,2009,78,17,0,0,15.1,511,1,26.7
57,2009,80,17.1000004,0,0,15.1,511,1,26.7
58,2009,82,17.1000004,0,0,15.1,511,1,26.7
59,2009,84,17.1000004,0,0,15.1,511,1,26.7
60,2009,88,17.2000008,0,0,15.1,511,1,26.7
61,2009,90,17.2000008,0,0,15.1,511,1,26.7
62,2009,92,17.1000004,0,0,15.1,511,1,26.7
63,2009,94,17.2000008,0,0,15.1,511,1,26.7
64,2009,96,17.1000004,0,0,15.1,511,1,26.7
65,2009,98,17.2000008,0,0,15.1,511,1,26.7
66,2009,106,17.1000004,0,0,15.1,511,1,26.7
67,2009,108,17.1000004,0,0,15.1,511,1,26.7
68,2009,110,17.2000008,0,0,15.1,511,1,26.7
69,2009,112,17.2000008,0,0,15.1,511,1,26.7
70,2009,114,17.2999992,0,0,15.1,511,1,26.7
71,2009,116,17.2000008,0,0,15.1,511,1,26.7
72,2009,118,17.3999996,0,0,15.1,511,1,26.7
73,2009,120,17.3999996,0,0,15.1,511,1,26.7
74,2009,122,17.2999992,0,0,15.1,511,1,26.7
75,2009,126,17.2000008,0,0,15.1,511,1,26.7
76,2009,128,17.3999996,0,0,15.1,511,1,26.7
77,2009,130,17.2999992,0,0,15.1,511,1,26.7
78,2009,134,17.2000008,0,0,15.1,511,1,26.7
79,2009,136,17.2000008,0,0,15.1,511,1,26.7
80,2009,138,17.2000008,0,0,15.1,511,1,26.7
81,2009,140,17.2000008,0,0,15.1,511,1,26.7
82,2009,142,17.1000004,0,0,15.1,511,1,26.7
83,2009,144,17.2000008,0,0,15.1,511,1,26.7
84,2009,146,17.1000004,0,0,15.1,511,1,26.7
85,2009,148,17.2000008,0,0,15.1,511,1,26.7
86,2009,1018,17.5,0,0,15.1,511,1,26.7
87,2009,1028,17.6000004,0,0,15.1,511,1,26.7
88,2009,1074,17.7000008,0,0,15.1,511,1,26.7
89,2009,1076,17.6000004,0,0,15.1,511,1,26.7
90,2009,1078,17.6000004,0,0,15.1,511,1,26.7
91,2009,1080,17.6000004,0,0,15.1,511,1,26.7
92,2009,1082,17.5,0,0,15.1,511,1,26.7
93,2009,1084,17.5,0,0,15.1,511,1,26.7
94,2009,1086,17.6000004,0,0,15.1,511,1,26.7
95,2009,1088,17.5,0,0,15.1,511,1,26.7
96,2009,1090,17.5,0,0,15.1,511,1,26.7
97,2009,1092,17.3999996,0,0,15.1,511,1,26.7
98,2009,1094,17.5,0,0,15.1,511,1,26.7
99,2009,1096,17.5,0,0,15.1,511,1,26.7
100,2009,428,17,0,0,15.1,511,1,26.7
101,2009,438,17.3999996,0,0,15.1,511,1,26.7
102,2009,440,17.5,0,0,15.1,511,1,26.7
103,2009,442,17.3999996,0,0,15.1,511,1,26.7
104,2009,352,18.7000008,0,0,15.1,511,1,26.7
105,2009,354,18.2000008,0,0,15.1,511,1,26.7
106,2009,356,17.6000004,0,0,15.1,511,1,26.7
107,2009,358,17.5,0,0,15.1,511,1,26.7
108,2009,360,17.6000004,0,0,15.1,511,1,26.7
109,2009,844,17.6000004,0,0,15.1,511,1,26.7
110,2009,846,17.3999996,0,0,15.1,511,1,26.7
111,2009,848,17.5,0,0,15.1,511,1,26.7
112,2009,850,17.3999996,0,0,15.1,511,1,26.7
113,2009,852,17.5,0,0,15.1,511,1,26.7
114,2009,854,17.6000004,0,0,15.1,511,1,26.7
115,2009,856,17.5,0,0,15.1,511,1,26.7
116,2009,858,17.6000004,0,0,15.1,511,1,26.7
117,2009,860,17.6000004,0,0,15.1,511,1,26.7
118,2009,862,17.3999996,0,0,15.1,511,1,26.7
119,2009,864,17.5,0,0,15.1,511,1,26.7
120,2009,866,17.6000004,0,0,15.1,511,1,26.7
121,2009,868,17.5,0,0,15.1,511,1,26.7
122,2009,870,17.3999996,0,0,15.1,511,1,26.7
123,2009,872,17.5,0,0,15.1,511,1,26.7
124,2009,874,17.6000004,0,0,15.1,511,1,26.7
125,2009,876,17.7000008,0,0,15.1,511,1,26.7
126,2009,878,17.6000004,0,0,15.1,511,1,26.7
127,2009,880,17.7000008,0,0,15.1,511,1,26.7
128,2009,886,17.6000004,0,0,15.1,511,1,26.7
129,2009,888,17.5,0,0,15.1,511,1,26.7
130,2009,890,17.6000004,0,0,15.1,511,1,26.7
131,2009,892,17.6000004,0,0,15.1,511,1,26.7
132,2009,894,17.5,0,0,15.1,511,1,26.7
133,2009,896,17.7000008,0,0,15.1,511,1,26.7
134,2009,898,17.6000004,0,0,15.1,511,1,26.7
135,2009,908,17.6000004,0,0,15.1,511,1,26.7
136,2009,910,17.7000008,0,0,15.1,511,1,26.7
137,2009,918,17.7999992,0,0,15.1,511,1,26.7
138,2009,930,17.7000008,0,0,15.1,511,1,26.7
139,2009,932,17.7000008,0,0,15.1,511,1,26.7
140,2009,934,17.6000004,0,0,15.1,511,1,26.7
141,2009,936,17.6000004,0,0,15.1,511,1,26.7
142,2009,938,17.7000008,0,0,15.1,511,1,26.7
143,2009,940,17.7000008,0,0,15.1,511,1,26.7
144,2009,942,17.6000004,0,0,15.1,511,1,26.7
145,2009,944,17.7000008,0,0,15.1,511,1,26.7
146,2009,776,17.3999996,0,0,15.1,511,1,26.7
147,2009,778,17.3999996,0,0,15.1,511,1,26.7
148,2009,780,17.5,0,0,15.1,511,1,26.7
149,2009,782,17.3999996,0,0,15.1,511,1,26.7
150,2009,784,17.3999996,0,0,15.1,511,1,26.7
151,2009,786,17.2999992,0,0,15.1,511,1,26.7
152,2009,798,17.3999996,0,0,15.1,511,1,26.7
153,2009,800,17.2999992,0,0,15.1,511,1,26.7
154,2009,802,17.5,0,0,15.1,511,1,26.7
155,2009,804,17.3999996,0,0,15.1,511,1,26.7
156,2009,806,17.3999996,0,0,15.1,511,1,26.7
157,2009,808,17.2999992,0,0,15.1,511,1,26.7
158,2009,810,17.3999996,0,0,15.1,511,1,26.7
159,2009,812,17.3999996,0,0,15.1,511,1,26.7
160,2009,814,17.5,0,0,15.1,511,1,26.7
161,2009,816,17.3999996,0,0,15.1,511,1,26.7
162,2009,818,17.3999996,0,0,15.1,511,1,26.7
163,2009,638,17.3999996,0,0,15.1,511,1,26.7
164,2009,640,17.2999992,0,0,15.1,511,1,26.7
165,2009,642,17.5,0,0,15.1,511,1,26.7
166,2009,644,17.5,0,0,15.1,511,1,26.7
167,2009,646,17.5,0,0,15.1,511,1,26.7
168,2009,650,17.3999996,0,0,15.1,511,1,26.7
169,2009,654,17.3999996,0,0,15.1,511,1,26.7
170,2009,656,17.3999996,0,0,15.1,511,1,26.7
171,2009,658,17.3999996,0,0,15.1,511,1,26.7
172,2009,660,17.3999996,0,0,15.1,511,1,26.7
173,2009,662,17.3999996,0,0,15.1,511,1,26.7
174,2009,664,17.5,0,0,15.1,511,1,26.7
175,2009,672,17.2999992,0,0,15.1,511,1,26.7
176,2009,674,17.3999996,0,0,15.1,511,1,26.7
177,2009,676,17.5,0,0,15.1,511,1,26.7
178,2009,678,17.3999996,0,0,15.1,511,1,26.7
179,2009,680,17.3999996,0,0,15.1,511,1,26.7
1,2019,150,17.8978806,1,0,14.15,826,0.325,28.9
2,2019,152,17.9071026,1,0,14.15,826,0.325,28.9
3,2019,154,18.1837845,1,0,14.15,826,0.325,28.9
4,2019,156,17.9163265,1,0,14.15,826,0.325,28.9
5,2019,158,17.8609886,1,0,14.15,826,0.325,28.9
6,2019,160,17.8978806,1,0,14.15,826,0.325,28.9
7,2019,162,18.0269985,1,0,14.15,826,0.325,28.9
8,2019,164,17.8609886,1,0,14.15,826,0.325,28.9
9,2019,166,18.0177746,1,0,14.15,826,0.325,28.9
10,2019,168,17.8333206,1,0,14.15,826,0.325,28.9
11,2019,170,17.8056526,1,0,14.15,826,0.325,28.9
12,2019,172,17.9993305,1,0,14.15,826,0.325,28.9
13,2019,174,18.0546665,1,0,14.15,826,0.325,28.9
14,2019,176,18.1837845,1,0,14.15,826,0.325,28.9
15,2019,178,18.8570461,1,0,14.15,826,0.325,28.9
16,2019,220,19.152174,1,0,14.15,826,0.325,28.9
17,2019,222,18.3682404,1,0,14.15,826,0.325,28.9
18,2019,224,18.4143543,1,0,14.15,826,0.325,28.9
19,2019,226,18.3129044,1,0,14.15,826,0.325,28.9
20,2019,228,18.4420223,1,0,14.15,826,0.325,28.9
21,2019,274,18.7371502,1,0,14.15,826,0.325,28.9
22,2019,288,18.995388,1,0,14.15,826,0.325,28.9
23,2019,310,19.8899937,1,0,14.15,826,0.325,28.9
24,2019,320,19.198288,1,0,14.15,826,0.325,28.9
25,2019,322,19.2720699,1,0,14.15,826,0.325,28.9
26,2019,334,18.7463741,1,0,14.15,826,0.325,28.9
27,2019,344,19.5303078,1,0,14.15,826,0.325,28.9
28,2019,346,18.4328003,1,0,14.15,826,0.325,28.9
29,2019,348,18.3682404,1,0,14.15,826,0.325,28.9
30,2019,350,18.2667904,1,0,14.15,826,0.325,28.9
31,2019,2,19.4749699,1,0,14.15,826,0.325,28.9
32,2019,4,18.9584961,1,0,14.15,826,0.325,28.9
33,2019,6,18.5250282,1,0,14.15,826,0.325,28.9
34,2019,8,18.6357002,1,0,14.15,826,0.325,28.9
35,2019,10,18.8847141,1,0,14.15,826,0.325,28.9
36,2019,12,19.198288,1,0,14.15,826,0.325,28.9
37,2019,14,19.179842,1,0,14.15,826,0.325,28.9
38,2019,20,19.262846,1,0,14.15,826,0.325,28.9
39,2019,22,19.1706181,1,0,14.15,826,0.325,28.9
40,2019,24,18.7832642,1,0,14.15,826,0.325,28.9
41,2019,26,18.7648201,1,0,14.15,826,0.325,28.9
42,2019,28,18.7648201,1,0,14.15,826,0.325,28.9
43,2019,30,18.4512463,1,0,14.15,826,0.325,28.9
44,2019,32,18.2944584,1,0,14.15,826,0.325,28.9
45,2019,34,18.2022305,1,0,14.15,826,0.325,28.9
46,2019,36,18.1284485,1,0,14.15,826,0.325,28.9
47,2019,38,18.0731125,1,0,14.15,826,0.325,28.9
48,2019,40,18.1007805,1,0,14.15,826,0.325,28.9
49,2019,42,18.1468945,1,0,14.15,826,0.325,28.9
50,2019,44,18.2483444,1,0,14.15,826,0.325,28.9
51,2019,46,18.4420223,1,0,14.15,826,0.325,28.9
52,2019,58,18.2114544,1,0,14.15,826,0.325,28.9
53,2019,60,18.0638905,1,0,14.15,826,0.325,28.9
54,2019,70,18.4051304,1,0,14.15,826,0.325,28.9
55,2019,76,17.9716625,1,0,14.15,826,0.325,28.9
56,2019,78,17.8978806,1,0,14.15,826,0.325,28.9
57,2019,80,18.0915565,1,0,14.15,826,0.325,28.9
58,2019,82,18.1468945,1,0,14.15,826,0.325,28.9
59,2019,84,18.0823364,1,0,14.15,826,0.325,28.9
60,2019,88,18.0638905,1,0,14.15,826,0.325,28.9
61,2019,90,17.6304207,1,0,14.15,826,0.325,28.9
62,2019,92,17.8056526,1,0,14.15,826,0.325,28.9
63,2019,94,17.7503166,1,0,14.15,826,0.325,28.9
64,2019,96,17.8333206,1,0,14.15,826,0.325,28.9
65,2019,98,17.6765347,1,0,14.15,826,0.325,28.9
66,2019,106,17.6857567,1,0,14.15,826,0.325,28.9
67,2019,108,17.6119747,1,0,14.15,826,0.325,28.9
68,2019,110,17.8333206,1,0,14.15,826,0.325,28.9
69,2019,112,17.8148746,1,0,14.15,826,0.325,28.9
70,2019,114,17.7410927,1,0,14.15,826,0.325,28.9
71,2019,116,17.9901085,1,0,14.15,826,0.325,28.9
72,2019,118,17.8794346,1,0,14.15,826,0.325,28.9
73,2019,120,18.1007805,1,0,14.15,826,0.325,28.9
74,2019,122,18.2206764,1,0,14.15,826,0.325,28.9
75,2019,126,19.050724,1,0,14.15,826,0.325,28.9
76,2019,128,18.2022305,1,0,14.15,826,0.325,28.9
77,2019,130,18.1468945,1,0,14.15,826,0.325,28.9
78,2019,134,18.3129044,1,0,14.15,826,0.325,28.9
79,2019,136,18.1468945,1,0,14.15,826,0.325,28.9
80,2019,138,18.0177746,1,0,14.15,826,0.325,28.9
81,2019,140,17.8333206,1,0,14.15,826,0.325,28.9
82,2019,142,17.8794346,1,0,14.15,826,0.325,28.9
83,2019,144,17.8333206,1,0,14.15,826,0.325,28.9
84,2019,146,17.9439926,1,0,14.15,826,0.325,28.9
85,2019,148,17.9716625,1,0,14.15,826,0.325,28.9
86,2019,1018,18.1561184,1,0,14.15,826,0.325,28.9
87,2019,1028,17.7410927,1,0,14.15,826,0.325,28.9
88,2019,1074,18.1100025,1,0,14.15,826,0.325,28.9
89,2019,1076,18.1284485,1,0,14.15,826,0.325,28.9
90,2019,1078,18.1561184,1,0,14.15,826,0.325,28.9
91,2019,1080,18.1561184,1,0,14.15,826,0.325,28.9
92,2019,1082,17.9808846,1,0,14.15,826,0.325,28.9
93,2019,1084,18.1007805,1,0,14.15,826,0.325,28.9
94,2019,1086,18.0823364,1,0,14.15,826,0.325,28.9
95,2019,1088,17.8978806,1,0,14.15,826,0.325,28.9
96,2019,1090,17.9901085,1,0,14.15,826,0.325,28.9
97,2019,1092,18.1007805,1,0,14.15,826,0.325,28.9
98,2019,1094,18.1745625,1,0,14.15,826,0.325,28.9
99,2019,1096,18.3129044,1,0,14.15,826,0.325,28.9
100,2019,428,18.1745625,1,0,14.15,826,0.325,28.9
101,2019,438,17.7410927,1,0,14.15,826,0.325,28.9
102,2019,440,17.8240986,1,0,14.15,826,0.325,28.9
103,2019,442,18.6541462,1,0,14.15,826,0.325,28.9
104,2019,352,18.2483444,1,0,14.15,826,0.325,28.9
105,2019,354,17.8333206,1,0,14.15,826,0.325,28.9
106,2019,356,18.1930084,1,0,14.15,826,0.325,28.9
107,2019,358,18.2022305,1,0,14.15,826,0.325,28.9
108,2019,360,18.3036823,1,0,14.15,826,0.325,28.9
109,2019,844,18.6080322,1,0,14.15,826,0.325,28.9
110,2019,846,18.6172562,1,0,14.15,826,0.325,28.9
111,2019,848,18.3590183,1,0,14.15,826,0.325,28.9
112,2019,850,18.4051304,1,0,14.15,826,0.325,28.9
113,2019,852,18.3866863,1,0,14.15,826,0.325,28.9
114,2019,854,18.3959084,1,0,14.15,826,0.325,28.9
115,2019,856,18.3129044,1,0,14.15,826,0.325,28.9
116,2019,858,18.2299004,1,0,14.15,826,0.325,28.9
117,2019,860,18.0915565,1,0,14.15,826,0.325,28.9
118,2019,862,18.2667904,1,0,14.15,826,0.325,28.9
119,2019,864,18.2852364,1,0,14.15,826,0.325,28.9
120,2019,866,18.3405724,1,0,14.15,826,0.325,28.9
121,2019,868,18.3590183,1,0,14.15,826,0.325,28.9
122,2019,870,18.2483444,1,0,14.15,826,0.325,28.9
123,2019,872,18.3497944,1,0,14.15,826,0.325,28.9
124,2019,874,18.3497944,1,0,14.15,826,0.325,28.9
125,2019,876,18.2575665,1,0,14.15,826,0.325,28.9
126,2019,878,18.3036823,1,0,14.15,826,0.325,28.9
127,2019,880,18.4328003,1,0,14.15,826,0.325,28.9
128,2019,886,18.4881363,1,0,14.15,826,0.325,28.9
129,2019,888,18.4696922,1,0,14.15,826,0.325,28.9
130,2019,890,18.4328003,1,0,14.15,826,0.325,28.9
131,2019,892,18.5342503,1,0,14.15,826,0.325,28.9
132,2019,894,18.3497944,1,0,14.15,826,0.325,28.9
133,2019,896,18.2852364,1,0,14.15,826,0.325,28.9
134,2019,898,18.3866863,1,0,14.15,826,0.325,28.9
135,2019,908,18.9308281,1,0,14.15,826,0.325,28.9
136,2019,910,19.7147598,1,0,14.15,826,0.325,28.9
137,2019,918,19.3827438,1,0,14.15,826,0.325,28.9
138,2019,930,18.7279282,1,0,14.15,826,0.325,28.9
139,2019,932,18.6449223,1,0,14.15,826,0.325,28.9
140,2019,934,18.7187042,1,0,14.15,826,0.325,28.9
141,2019,936,18.7187042,1,0,14.15,826,0.325,28.9
142,2019,938,18.6725922,1,0,14.15,826,0.325,28.9
143,2019,940,18.8478241,1,0,14.15,826,0.325,28.9
144,2019,942,18.8201561,1,0,14.15,826,0.325,28.9
145,2019,944,18.9308281,1,0,14.15,826,0.325,28.9
146,2019,776,19.2167339,1,0,14.15,826,0.325,28.9
147,2019,778,19.0230541,1,0,14.15,826,0.325,28.9
148,2019,780,19.078392,1,0,14.15,826,0.325,28.9
149,2019,782,18.8201561,1,0,14.15,826,0.325,28.9
150,2019,784,18.912384,1,0,14.15,826,0.325,28.9
151,2019,786,18.8017101,1,0,14.15,826,0.325,28.9
152,2019,798,18.3682404,1,0,14.15,826,0.325,28.9
153,2019,800,18.5526943,1,0,14.15,826,0.325,28.9
154,2019,802,18.4051304,1,0,14.15,826,0.325,28.9
155,2019,804,18.4051304,1,0,14.15,826,0.325,28.9
156,2019,806,18.4235764,1,0,14.15,826,0.325,28.9
157,2019,808,18.2022305,1,0,14.15,826,0.325,28.9
158,2019,810,18.5065823,1,0,14.15,826,0.325,28.9
159,2019,812,18.4973583,1,0,14.15,826,0.325,28.9
160,2019,814,18.3959084,1,0,14.15,826,0.325,28.9
161,2019,816,18.4328003,1,0,14.15,826,0.325,28.9
162,2019,818,18.4881363,1,0,14.15,826,0.325,28.9
163,2019,638,18.7555962,1,0,14.15,826,0.325,28.9
164,2019,640,18.6818142,1,0,14.15,826,0.325,28.9
165,2019,642,18.7187042,1,0,14.15,826,0.325,28.9
166,2019,644,18.6633682,1,0,14.15,826,0.325,28.9
167,2019,646,18.7002602,1,0,14.15,826,0.325,28.9
168,2019,650,18.6541462,1,0,14.15,826,0.325,28.9
169,2019,654,18.6725922,1,0,14.15,826,0.325,28.9
170,2019,656,18.7463741,1,0,14.15,826,0.325,28.9
171,2019,658,18.7463741,1,0,14.15,826,0.325,28.9
172,2019,660,18.7463741,1,0,14.15,826,0.325,28.9
173,2019,662,18.7740421,1,0,14.15,826,0.325,28.9
174,2019,664,18.7555962,1,0,14.15,826,0.325,28.9
175,2019,672,18.6910381,1,0,14.15,826,0.325,28.9
176,2019,674,18.8109322,1,0,14.15,826,0.325,28.9
177,2019,676,19.0322781,1,0,14.15,826,0.325,28.9
178,2019,678,19.0230541,1,0,14.15,826,0.325,28.9
179,2019,680,19.8438797,1,0,14.15,826,0.325,28.9
1,2021,,19.0876141,1,1,15.3,390,0.062,27.2
2,2021,,19.1152821,1,1,15.3,390,0.062,27.2
3,2021,,19.0046101,1,1,15.3,390,0.062,27.2
4,2021,,19.078392,1,1,15.3,390,0.062,27.2
5,2021,,19.225956,1,1,15.3,390,0.062,27.2
6,2021,,19.2905159,1,1,15.3,390,0.062,27.2
7,2021,,19.4011879,1,1,15.3,390,0.062,27.2
8,2021,,19.3827438,1,1,15.3,390,0.062,27.2
9,2021,,19.4196339,1,1,15.3,390,0.062,27.2
10,2021,,19.4473019,1,1,15.3,390,0.062,27.2
11,2021,,19.4288559,1,1,15.3,390,0.062,27.2
12,2021,,19.3274059,1,1,15.3,390,0.062,27.2
13,2021,,19.4380798,1,1,15.3,390,0.062,27.2
14,2021,,19.6870937,1,1,15.3,390,0.062,27.2
15,2021,,20.0744495,1,1,15.3,390,0.062,27.2
16,2021,,20.0928936,1,1,15.3,390,0.062,27.2
17,2021,,19.4011879,1,1,15.3,390,0.062,27.2
18,2021,,19.2444,1,1,15.3,390,0.062,27.2
19,2021,,19.5948658,1,1,15.3,390,0.062,27.2
20,2021,,20.1113396,1,1,15.3,390,0.062,27.2
21,2021,,19.5856438,1,1,15.3,390,0.062,27.2
22,2021,,19.6686478,1,1,15.3,390,0.062,27.2
23,2021,,20.2035675,1,1,15.3,390,0.062,27.2
24,2021,,19.8346577,1,1,15.3,390,0.062,27.2
25,2021,,19.9084396,1,1,15.3,390,0.062,27.2
26,2021,,19.6502018,1,1,15.3,390,0.062,27.2
27,2021,,20.5079174,1,1,15.3,390,0.062,27.2
28,2021,,19.133728,1,1,15.3,390,0.062,27.2
29,2021,,19.5948658,1,1,15.3,390,0.062,27.2
30,2021,,19.9361057,1,1,15.3,390,0.062,27.2
31,2021,,21.0981731,1,1,15.3,390,0.062,27.2
32,2021,,21.5869789,1,1,15.3,390,0.062,27.2
33,2021,,21.5869789,1,1,15.3,390,0.062,27.2
34,2021,,21.0981731,1,1,15.3,390,0.062,27.2
35,2021,,20.5540314,1,1,15.3,390,0.062,27.2
36,2021,,20.2496796,1,1,15.3,390,0.062,27.2
37,2021,,19.9637756,1,1,15.3,390,0.062,27.2
38,2021,,19.1613979,1,1,15.3,390,0.062,27.2
39,2021,,18.8201561,1,1,15.3,390,0.062,27.2
40,2021,,19.0876141,1,1,15.3,390,0.062,27.2
41,2021,,19.133728,1,1,15.3,390,0.062,27.2
42,2021,,19.3827438,1,1,15.3,390,0.062,27.2
43,2021,,19.124506,1,1,15.3,390,0.062,27.2
44,2021,,19.124506,1,1,15.3,390,0.062,27.2
45,2021,,19.1152821,1,1,15.3,390,0.062,27.2
46,2021,,19.10606,1,1,15.3,390,0.062,27.2
47,2021,,19.142952,1,1,15.3,390,0.062,27.2
48,2021,,19.1706181,1,1,15.3,390,0.062,27.2
49,2021,,19.318182,1,1,15.3,390,0.062,27.2
50,2021,,19.4011879,1,1,15.3,390,0.062,27.2
51,2021,,19.0599461,1,1,15.3,390,0.062,27.2
52,2021,,19.2167339,1,1,15.3,390,0.062,27.2
53,2021,,19.06917,1,1,15.3,390,0.062,27.2
54,2021,,19.10606,1,1,15.3,390,0.062,27.2
55,2021,,19.2167339,1,1,15.3,390,0.062,27.2
56,2021,,18.8109322,1,1,15.3,390,0.062,27.2
57,2021,,18.9492741,1,1,15.3,390,0.062,27.2
58,2021,,18.9308281,1,1,15.3,390,0.062,27.2
59,2021,,19.050724,1,1,15.3,390,0.062,27.2
60,2021,,18.8939381,1,1,15.3,390,0.062,27.2
61,2021,,19.06917,1,1,15.3,390,0.062,27.2
62,2021,,18.912384,1,1,15.3,390,0.062,27.2
63,2021,,18.8570461,1,1,15.3,390,0.062,27.2
64,2021,,18.9216061,1,1,15.3,390,0.062,27.2
65,2021,,18.9400501,1,1,15.3,390,0.062,27.2
66,2021,,18.7187042,1,1,15.3,390,0.062,27.2
67,2021,,18.7371502,1,1,15.3,390,0.062,27.2
68,2021,,18.6633682,1,1,15.3,390,0.062,27.2
69,2021,,18.6633682,1,1,15.3,390,0.062,27.2
70,2021,,18.7002602,1,1,15.3,390,0.062,27.2
71,2021,,18.4604683,1,1,15.3,390,0.062,27.2
72,2021,,18.6264763,1,1,15.3,390,0.062,27.2
73,2021,,18.6910381,1,1,15.3,390,0.062,27.2
74,2021,,18.6725922,1,1,15.3,390,0.062,27.2
75,2021,,18.7002602,1,1,15.3,390,0.062,27.2
76,2021,,18.5803642,1,1,15.3,390,0.062,27.2
77,2021,,18.6541462,1,1,15.3,390,0.062,27.2
78,2021,,18.9308281,1,1,15.3,390,0.062,27.2
79,2021,,19.189064,1,1,15.3,390,0.062,27.2
80,2021,,19.4011879,1,1,15.3,390,0.062,27.2
81,2021,,19.3919659,1,1,15.3,390,0.062,27.2
82,2021,,19.2997379,1,1,15.3,390,0.062,27.2
83,2021,,19.2444,1,1,15.3,390,0.062,27.2
84,2021,,19.20751,1,1,15.3,390,0.062,27.2
85,2021,,19.281292,1,1,15.3,390,0.062,27.2
86,2021,,20.5355873,1,1,15.3,390,0.062,27.2
87,2021,,20.2404575,1,1,15.3,390,0.062,27.2
88,2021,,19.4011879,1,1,15.3,390,0.062,27.2
89,2021,,19.3089619,1,1,15.3,390,0.062,27.2
90,2021,,19.10606,1,1,15.3,390,0.062,27.2
91,2021,,19.1613979,1,1,15.3,390,0.062,27.2
92,2021,,19.050724,1,1,15.3,390,0.062,27.2
93,2021,,19.050724,1,1,15.3,390,0.062,27.2
94,2021,,18.9031601,1,1,15.3,390,0.062,27.2
95,2021,,18.8201561,1,1,15.3,390,0.062,27.2
96,2021,,18.8847141,1,1,15.3,390,0.062,27.2
97,2021,,19.0046101,1,1,15.3,390,0.062,27.2
98,2021,,18.912384,1,1,15.3,390,0.062,27.2
99,2021,,18.96772,1,1,15.3,390,0.062,27.2
100,2021,,19.2167339,1,1,15.3,390,0.062,27.2
101,2021,,19.10606,1,1,15.3,390,0.062,27.2
102,2021,,19.4196339,1,1,15.3,390,0.062,27.2
103,2021,,21.1073952,1,1,15.3,390,0.062,27.2
104,2021,,19.6225338,1,1,15.3,390,0.062,27.2
105,2021,,19.3642979,1,1,15.3,390,0.062,27.2
106,2021,,19.1706181,1,1,15.3,390,0.062,27.2
107,2021,,19.0599461,1,1,15.3,390,0.062,27.2
108,2021,,19.3642979,1,1,15.3,390,0.062,27.2
109,2021,,20.2404575,1,1,15.3,390,0.062,27.2
110,2021,,20.0560036,1,1,15.3,390,0.062,27.2
111,2021,,19.9545517,1,1,15.3,390,0.062,27.2
112,2021,,20.0283337,1,1,15.3,390,0.062,27.2
113,2021,,19.9822216,1,1,15.3,390,0.062,27.2
114,2021,,19.8531036,1,1,15.3,390,0.062,27.2
115,2021,,19.8346577,1,1,15.3,390,0.062,27.2
116,2021,,19.7977657,1,1,15.3,390,0.062,27.2
117,2021,,19.9084396,1,1,15.3,390,0.062,27.2
118,2021,,19.9453297,1,1,15.3,390,0.062,27.2
119,2021,,19.9361057,1,1,15.3,390,0.062,27.2
120,2021,,19.9361057,1,1,15.3,390,0.062,27.2
121,2021,,20.0283337,1,1,15.3,390,0.062,27.2
122,2021,,19.9545517,1,1,15.3,390,0.062,27.2
123,2021,,20.0560036,1,1,15.3,390,0.062,27.2
124,2021,,20.0744495,1,1,15.3,390,0.062,27.2
125,2021,,20.0191116,1,1,15.3,390,0.062,27.2
126,2021,,20.0652256,1,1,15.3,390,0.062,27.2
127,2021,,20.0283337,1,1,15.3,390,0.062,27.2
128,2021,,21.9743347,1,1,15.3,390,0.062,27.2
129,2021,,20.0928936,1,1,15.3,390,0.062,27.2
130,2021,,19.9637756,1,1,15.3,390,0.062,27.2
131,2021,,20.0006676,1,1,15.3,390,0.062,27.2
132,2021,,19.8807697,1,1,15.3,390,0.062,27.2
133,2021,,19.7055378,1,1,15.3,390,0.062,27.2
134,2021,,19.8992157,1,1,15.3,390,0.062,27.2
135,2021,,20.4156895,1,1,15.3,390,0.062,27.2
136,2021,,20.7845993,1,1,15.3,390,0.062,27.2
137,2021,,20.6739273,1,1,15.3,390,0.062,27.2
138,2021,,19.8623238,1,1,15.3,390,0.062,27.2
139,2021,,19.6502018,1,1,15.3,390,0.062,27.2
140,2021,,19.6502018,1,1,15.3,390,0.062,27.2
141,2021,,19.7239838,1,1,15.3,390,0.062,27.2
142,2021,,19.7608757,1,1,15.3,390,0.062,27.2
143,2021,,19.5948658,1,1,15.3,390,0.062,27.2
144,2021,,19.8346577,1,1,15.3,390,0.062,27.2
145,2021,,20.0375576,1,1,15.3,390,0.062,27.2
146,2021,,20.2035675,1,1,15.3,390,0.062,27.2
147,2021,,20.2681255,1,1,15.3,390,0.062,27.2
148,2021,,20.2127895,1,1,15.3,390,0.062,27.2
149,2021,,20.0283337,1,1,15.3,390,0.062,27.2
150,2021,,20.0744495,1,1,15.3,390,0.062,27.2
151,2021,,20.0467796,1,1,15.3,390,0.062,27.2
152,2021,,19.9361057,1,1,15.3,390,0.062,27.2
153,2021,,20.0652256,1,1,15.3,390,0.062,27.2
154,2021,,20.1666756,1,1,15.3,390,0.062,27.2
155,2021,,20.1205616,1,1,15.3,390,0.062,27.2
156,2021,,20.1021156,1,1,15.3,390,0.062,27.2
157,2021,,19.9637756,1,1,15.3,390,0.062,27.2
158,2021,,19.8899937,1,1,15.3,390,0.062,27.2
159,2021,,19.8069878,1,1,15.3,390,0.062,27.2
160,2021,,19.8899937,1,1,15.3,390,0.062,27.2
161,2021,,19.9176617,1,1,15.3,390,0.062,27.2
162,2021,,19.7147598,1,1,15.3,390,0.062,27.2
163,2021,,19.3919659,1,1,15.3,390,0.062,27.2
164,2021,,19.3274059,1,1,15.3,390,0.062,27.2
165,2021,,19.2167339,1,1,15.3,390,0.062,27.2
166,2021,,19.152174,1,1,15.3,390,0.062,27.2
167,2021,,19.3458519,1,1,15.3,390,0.062,27.2
168,2021,,19.2167339,1,1,15.3,390,0.062,27.2
169,2021,,19.0599461,1,1,15.3,390,0.062,27.2
170,2021,,19.152174,1,1,15.3,390,0.062,27.2
171,2021,,19.1613979,1,1,15.3,390,0.062,27.2
172,2021,,19.189064,1,1,15.3,390,0.062,27.2
173,2021,,19.2444,1,1,15.3,390,0.062,27.2
174,2021,,19.179842,1,1,15.3,390,0.062,27.2
175,2021,,19.0968361,1,1,15.3,390,0.062,27.2
176,2021,,19.10606,1,1,15.3,390,0.062,27.2
177,2021,,19.225956,1,1,15.3,390,0.062,27.2
178,2021,,19.3827438,1,1,15.3,390,0.062,27.2
179,,,,,,,,,
