point_id,dist_origin,temp,POINT_X,POINT_Y,year,restored,fire,temp_at_release,discharge,canopy_cov,air_temp_C
1,171,17.2000008,557302.2726,4889642.479,2009,0,0,15.1,511,1,26.7
2,170,17.2000008,557303.2619,4889642.625,2009,0,0,15.1,511,1,26.7
3,169,17,557304.2512,4889642.771,2009,0,0,15.1,511,1,26.7
4,168,17.1000004,557305.2405,4889642.917,2009,0,0,15.1,511,1,26.7
5,167,17.1000004,557306.2298,4889643.063,2009,0,0,15.1,511,1,26.7
6,166,17,557307.2191,4889643.209,2009,0,0,15.1,511,1,26.7
7,165,17.1000004,557308.2084,4889643.355,2009,0,0,15.1,511,1,26.7
8,164,17,557309.1977,4889643.501,2009,0,0,15.1,511,1,26.7
9,163,17.1000004,557310.187,4889643.647,2009,0,0,15.1,511,1,26.7
10,162,17.2000008,557311.1763,4889643.793,2009,0,0,15.1,511,1,26.7
11,161,17.1000004,557312.1655,4889643.939,2009,0,0,15.1,511,1,26.7
12,160,17.2000008,557313.1548,4889644.085,2009,0,0,15.1,511,1,26.7
13,159,17.1000004,557314.1441,4889644.231,2009,0,0,15.1,511,1,26.7
14,158,17,557315.1334,4889644.376,2009,0,0,15.1,511,1,26.7
15,157,17.2000008,557316.1227,4889644.523,2009,0,0,15.1,511,1,26.7
16,156,17.1000004,557317.112,4889644.668,2009,0,0,15.1,511,1,26.7
17,155,17.1000004,557318.1013,4889644.814,2009,0,0,15.1,511,1,26.7
18,154,17.1000004,557319.0906,4889644.96,2009,0,0,15.1,511,1,26.7
19,153,17.1000004,557320.0799,4889645.106,2009,0,0,15.1,511,1,26.7
20,152,17,557321.0692,4889645.252,2009,0,0,15.1,511,1,26.7
21,151,17,557322.0259,4889645.537,2009,0,0,15.1,511,1,26.7
22,150,17.2000008,557322.9768,4889645.846,2009,0,0,15.1,511,1,26.7
23,149,17.2000008,557323.9277,4889646.156,2009,0,0,15.1,511,1,26.7
24,148,17.2000008,557324.8786,4889646.465,2009,0,0,15.1,511,1,26.7
25,147,17.2000008,557325.8296,4889646.775,2009,0,0,15.1,511,1,26.7
26,143,17.2000008,557329.6332,4889648.013,2009,0,0,15.1,511,1,26.7
27,142,17.2000008,557330.5841,4889648.322,2009,0,0,15.1,511,1,26.7
28,212,17.2000008,557263.3817,4889653.723,2009,0,0,15.1,511,1,26.7
29,221,17.2000008,557254.8962,4889656.723,2009,0,0,15.1,511,1,26.7
30,222,17.1000004,557253.9533,4889657.056,2009,0,0,15.1,511,1,26.7
31,226,17.2000008,557250.883,4889659.254,2009,0,0,15.1,511,1,26.7
32,227,17.2000008,557250.361,4889660.107,2009,0,0,15.1,511,1,26.7
33,274,17.2000008,557225.8249,4889700.195,2009,0,0,15.1,511,1,26.7
34,287,17.1000004,557223.5583,4889712.643,2009,0,0,15.1,511,1,26.7
35,301,17.2000008,557223.0622,4889726.634,2009,0,0,15.1,511,1,26.7
36,321,17.2999992,557222.3534,4889746.622,2009,0,0,15.1,511,1,26.7
37,322,17.2999992,557222.318,4889747.621,2009,0,0,15.1,511,1,26.7
38,326,17.2999992,557222.1762,4889751.618,2009,0,0,15.1,511,1,26.7
39,330,17.2999992,557222.0345,4889755.616,2009,0,0,15.1,511,1,26.7
40,331,17.2999992,557221.9991,4889756.615,2009,0,0,15.1,511,1,26.7
41,332,17.2999992,557221.9636,4889757.615,2009,0,0,15.1,511,1,26.7
42,141,17.2000008,557331.535,4889648.632,2009,0,0,15.1,511,1,26.7
43,140,17.2000008,557332.4859,4889648.941,2009,0,0,15.1,511,1,26.7
44,139,17.1000004,557333.4368,4889649.25,2009,0,0,15.1,511,1,26.7
45,138,17.2000008,557334.3877,4889649.56,2009,0,0,15.1,511,1,26.7
46,137,17.2000008,557335.3386,4889649.869,2009,0,0,15.1,511,1,26.7
47,136,17.1000004,557336.2896,4889650.179,2009,0,0,15.1,511,1,26.7
48,135,17.2000008,557337.2405,4889650.488,2009,0,0,15.1,511,1,26.7
49,134,17.2000008,557338.1914,4889650.798,2009,0,0,15.1,511,1,26.7
50,133,17.2000008,557339.1423,4889651.107,2009,0,0,15.1,511,1,26.7
51,129,17.1000004,557342.9459,4889652.345,2009,0,0,15.1,511,1,26.7
52,128,17.2000008,557343.8968,4889652.655,2009,0,0,15.1,511,1,26.7
53,124,17.2000008,557347.7005,4889653.893,2009,0,0,15.1,511,1,26.7
54,120,17.2999992,557351.5041,4889655.13,2009,0,0,15.1,511,1,26.7
55,119,17.2999992,557352.455,4889655.44,2009,0,0,15.1,511,1,26.7
56,118,17.2000008,557353.4059,4889655.749,2009,0,0,15.1,511,1,26.7
57,117,17.2000008,557354.3568,4889656.059,2009,0,0,15.1,511,1,26.7
58,116,17.2000008,557355.3078,4889656.368,2009,0,0,15.1,511,1,26.7
59,115,17.2000008,557356.2587,4889656.678,2009,0,0,15.1,511,1,26.7
60,109,17.2000008,557361.9641,4889658.534,2009,0,0,15.1,511,1,26.7
61,105,17.2000008,557365.7678,4889659.772,2009,0,0,15.1,511,1,26.7
62,104,17.2000008,557366.7187,4889660.082,2009,0,0,15.1,511,1,26.7
63,103,17.2000008,557367.6696,4889660.391,2009,0,0,15.1,511,1,26.7
64,97,17.2000008,557373.375,4889662.248,2009,0,0,15.1,511,1,26.7
65,96,17.2000008,557374.326,4889662.558,2009,0,0,15.1,511,1,26.7
66,95,17.2000008,557375.2769,4889662.867,2009,0,0,15.1,511,1,26.7
67,94,17.2999992,557376.2278,4889663.177,2009,0,0,15.1,511,1,26.7
68,93,17.1000004,557377.1787,4889663.486,2009,0,0,15.1,511,1,26.7
69,90,17.1000004,557380.0314,4889664.414,2009,0,0,15.1,511,1,26.7
70,89,17.1000004,557380.9823,4889664.724,2009,0,0,15.1,511,1,26.7
71,88,17.1000004,557381.9332,4889665.033,2009,0,0,15.1,511,1,26.7
72,87,17.2000008,557382.8841,4889665.343,2009,0,0,15.1,511,1,26.7
73,83,17.1000004,557386.6878,4889666.581,2009,0,0,15.1,511,1,26.7
74,82,17.1000004,557387.609,4889666.934,2009,0,0,15.1,511,1,26.7
75,81,17.1000004,557388.2526,4889667.7,2009,0,0,15.1,511,1,26.7
76,80,17.1000004,557388.8962,4889668.465,2009,0,0,15.1,511,1,26.7
77,79,17.1000004,557389.5398,4889669.23,2009,0,0,15.1,511,1,26.7
78,78,17.1000004,557390.1834,4889669.996,2009,0,0,15.1,511,1,26.7
79,77,17.1000004,557390.827,4889670.761,2009,0,0,15.1,511,1,26.7
80,76,17.2000008,557391.4706,4889671.526,2009,0,0,15.1,511,1,26.7
81,75,17.2999992,557392.1142,4889672.292,2009,0,0,15.1,511,1,26.7
82,58,17.2000008,557403.0554,4889685.303,2009,0,0,15.1,511,1,26.7
83,57,17.1000004,557403.699,4889686.068,2009,0,0,15.1,511,1,26.7
84,56,17.1000004,557404.3426,4889686.834,2009,0,0,15.1,511,1,26.7
85,45,17.1000004,557411.4222,4889695.253,2009,0,0,15.1,511,1,26.7
86,44,17,557412.0658,4889696.018,2009,0,0,15.1,511,1,26.7
87,43,17.1000004,557412.7094,4889696.783,2009,0,0,15.1,511,1,26.7
88,42,17.1000004,557413.353,4889697.549,2009,0,0,15.1,511,1,26.7
89,41,17.2000008,557413.9966,4889698.314,2009,0,0,15.1,511,1,26.7
90,40,17.1000004,557414.6402,4889699.079,2009,0,0,15.1,511,1,26.7
91,39,17.2000008,557415.2838,4889699.845,2009,0,0,15.1,511,1,26.7
92,38,17.1000004,557415.9274,4889700.61,2009,0,0,15.1,511,1,26.7
93,37,17,557416.571,4889701.375,2009,0,0,15.1,511,1,26.7
94,36,17.2000008,557417.1772,4889702.171,2009,0,0,15.1,511,1,26.7
95,35,17.1000004,557417.7823,4889702.967,2009,0,0,15.1,511,1,26.7
96,34,17.1000004,557418.3874,4889703.763,2009,0,0,15.1,511,1,26.7
97,33,17.2000008,557418.9924,4889704.559,2009,0,0,15.1,511,1,26.7
98,32,17,557419.5975,4889705.355,2009,0,0,15.1,511,1,26.7
99,31,17.2000008,557420.2026,4889706.152,2009,0,0,15.1,511,1,26.7
100,30,17.1000004,557420.8077,4889706.948,2009,0,0,15.1,511,1,26.7
101,29,17,557421.4128,4889707.744,2009,0,0,15.1,511,1,26.7
102,28,17.1000004,557422.0179,4889708.54,2009,0,0,15.1,511,1,26.7
103,27,17.1000004,557422.6229,4889709.336,2009,0,0,15.1,511,1,26.7
104,26,17.1000004,557423.228,4889710.132,2009,0,0,15.1,511,1,26.7
105,25,17.1000004,557423.8331,4889710.929,2009,0,0,15.1,511,1,26.7
106,24,17.1000004,557424.4382,4889711.725,2009,0,0,15.1,511,1,26.7
107,14,17.1000004,557430.489,4889719.686,2009,0,0,15.1,511,1,26.7
108,13,17.1000004,557431.0941,4889720.482,2009,0,0,15.1,511,1,26.7
109,12,17.2000008,557431.6992,4889721.279,2009,0,0,15.1,511,1,26.7
110,11,17.2000008,557432.3043,4889722.075,2009,0,0,15.1,511,1,26.7
111,10,17.2000008,557432.9094,4889722.871,2009,0,0,15.1,511,1,26.7
112,9,17.2000008,557433.5144,4889723.667,2009,0,0,15.1,511,1,26.7
113,8,17.1000004,557434.1195,4889724.463,2009,0,0,15.1,511,1,26.7
114,7,17.1000004,557434.7246,4889725.26,2009,0,0,15.1,511,1,26.7
115,1096,17.5,556570.8748,4889855.826,2009,0,0,15.1,511,1,26.7
116,1095,17.6000004,556571.7962,4889856.215,2009,0,0,15.1,511,1,26.7
117,1094,17.6000004,556572.7175,4889856.603,2009,0,0,15.1,511,1,26.7
118,1093,17.5,556573.6389,4889856.992,2009,0,0,15.1,511,1,26.7
119,1092,17.3999996,556574.5603,4889857.381,2009,0,0,15.1,511,1,26.7
120,1091,17.5,556575.4817,4889857.769,2009,0,0,15.1,511,1,26.7
121,1090,17.6000004,556576.4031,4889858.158,2009,0,0,15.1,511,1,26.7
122,1089,17.5,556577.3245,4889858.547,2009,0,0,15.1,511,1,26.7
123,1088,17.5,556578.2459,4889858.935,2009,0,0,15.1,511,1,26.7
124,1087,17.6000004,556579.1672,4889859.324,2009,0,0,15.1,511,1,26.7
125,1086,17.5,556580.0886,4889859.713,2009,0,0,15.1,511,1,26.7
126,1085,17.5,556581.01,4889860.101,2009,0,0,15.1,511,1,26.7
127,1084,17.5,556581.9314,4889860.49,2009,0,0,15.1,511,1,26.7
128,1083,17.5,556582.8585,4889860.863,2009,0,0,15.1,511,1,26.7
129,1082,17.3999996,556583.818,4889861.144,2009,0,0,15.1,511,1,26.7
130,1081,17.6000004,556584.7776,4889861.426,2009,0,0,15.1,511,1,26.7
131,1080,17.3999996,556585.7372,4889861.707,2009,0,0,15.1,511,1,26.7
132,1079,17.5,556586.6968,4889861.989,2009,0,0,15.1,511,1,26.7
133,1078,17.6000004,556587.6563,4889862.27,2009,0,0,15.1,511,1,26.7
134,1077,17.5,556588.6159,4889862.552,2009,0,0,15.1,511,1,26.7
135,1076,17.5,556589.5755,4889862.833,2009,0,0,15.1,511,1,26.7
136,1075,17.6000004,556590.535,4889863.114,2009,0,0,15.1,511,1,26.7
137,1074,17.5,556591.4946,4889863.396,2009,0,0,15.1,511,1,26.7
138,1073,17.6000004,556592.4542,4889863.677,2009,0,0,15.1,511,1,26.7
139,1072,17.7000008,556593.4137,4889863.959,2009,0,0,15.1,511,1,26.7
140,1071,17.6000004,556594.3733,4889864.24,2009,0,0,15.1,511,1,26.7
141,1070,17.6000004,556595.2609,4889864.678,2009,0,0,15.1,511,1,26.7
142,1069,17.7000008,556596.0974,4889865.226,2009,0,0,15.1,511,1,26.7
143,1038,17.7000008,556622.0277,4889882.215,2009,0,0,15.1,511,1,26.7
144,1037,17.7000008,556622.8838,4889882.717,2009,0,0,15.1,511,1,26.7
145,1031,17.7000008,556628.7184,4889884.116,2009,0,0,15.1,511,1,26.7
146,1030,17.6000004,556629.6909,4889884.349,2009,0,0,15.1,511,1,26.7
147,1029,17.7000008,556630.6633,4889884.582,2009,0,0,15.1,511,1,26.7
148,1028,17.6000004,556631.6358,4889884.815,2009,0,0,15.1,511,1,26.7
149,1018,17.7000008,556641.3603,4889887.146,2009,0,0,15.1,511,1,26.7
150,1017,17.7000008,556642.3327,4889887.379,2009,0,0,15.1,511,1,26.7
151,1014,17.7000008,556645.2501,4889888.079,2009,0,0,15.1,511,1,26.7
152,1013,17.6000004,556646.2224,4889888.312,2009,0,0,15.1,511,1,26.7
153,1012,17.7000008,556647.1833,4889888.589,2009,0,0,15.1,511,1,26.7
154,421,17,557201.1892,4889837.439,2009,0,0,15.1,511,1,26.7
155,422,17,557200.5025,4889838.161,2009,0,0,15.1,511,1,26.7
156,431,17.3999996,557193.4937,4889843.807,2009,0,0,15.1,511,1,26.7
157,432,17.3999996,557192.715,4889844.435,2009,0,0,15.1,511,1,26.7
158,433,17.3999996,557191.9362,4889845.062,2009,0,0,15.1,511,1,26.7
159,434,17.5,557191.1575,4889845.689,2009,0,0,15.1,511,1,26.7
160,435,17.3999996,557190.3787,4889846.317,2009,0,0,15.1,511,1,26.7
161,350,17.2000008,557224.2453,4889775.454,2009,0,0,15.1,511,1,26.7
162,351,17.1000004,557224.3824,4889776.445,2009,0,0,15.1,511,1,26.7
163,352,17.2000008,557224.5196,4889777.435,2009,0,0,15.1,511,1,26.7
164,353,17.2000008,557224.6567,4889778.426,2009,0,0,15.1,511,1,26.7
165,354,17.2999992,557224.7939,4889779.416,2009,0,0,15.1,511,1,26.7
166,961,17.7000008,556696.1917,4889902.702,2009,0,0,15.1,511,1,26.7
167,960,17.5,556697.1321,4889903.022,2009,0,0,15.1,511,1,26.7
168,936,17.6000004,556716.8449,4889916.705,2009,0,0,15.1,511,1,26.7
169,935,17.7000008,556717.7516,4889917.127,2009,0,0,15.1,511,1,26.7
170,934,17.6000004,556718.6583,4889917.549,2009,0,0,15.1,511,1,26.7
171,933,17.7999992,556719.565,4889917.971,2009,0,0,15.1,511,1,26.7
172,932,17.6000004,556720.4717,4889918.393,2009,0,0,15.1,511,1,26.7
173,931,17.7000008,556721.3783,4889918.814,2009,0,0,15.1,511,1,26.7
174,928,17.7000008,556724.0984,4889920.08,2009,0,0,15.1,511,1,26.7
175,927,17.7000008,556725.0051,4889920.502,2009,0,0,15.1,511,1,26.7
176,926,17.7999992,556725.9117,4889920.923,2009,0,0,15.1,511,1,26.7
177,925,17.7000008,556726.8184,4889921.345,2009,0,0,15.1,511,1,26.7
178,924,17.7000008,556727.7251,4889921.767,2009,0,0,15.1,511,1,26.7
179,919,17.7000008,556732.2585,4889923.876,2009,0,0,15.1,511,1,26.7
180,918,17.7999992,556733.1652,4889924.298,2009,0,0,15.1,511,1,26.7
181,912,17.7999992,556738.6053,4889926.829,2009,0,0,15.1,511,1,26.7
182,903,17.7000008,556746.7654,4889930.625,2009,0,0,15.1,511,1,26.7
183,902,17.7000008,556747.6721,4889931.047,2009,0,0,15.1,511,1,26.7
184,891,17.6000004,556757.6456,4889935.687,2009,0,0,15.1,511,1,26.7
185,890,17.5,556758.5523,4889936.109,2009,0,0,15.1,511,1,26.7
186,889,17.6000004,556759.4589,4889936.531,2009,0,0,15.1,511,1,26.7
187,888,17.6000004,556760.3656,4889936.953,2009,0,0,15.1,511,1,26.7
188,887,17.5,556761.2723,4889937.374,2009,0,0,15.1,511,1,26.7
189,886,17.6000004,556762.179,4889937.796,2009,0,0,15.1,511,1,26.7
190,885,17.6000004,556763.1214,4889938.066,2009,0,0,15.1,511,1,26.7
191,884,17.5,556764.1211,4889938.091,2009,0,0,15.1,511,1,26.7
192,883,17.5,556765.1208,4889938.116,2009,0,0,15.1,511,1,26.7
193,882,17.5,556766.1204,4889938.142,2009,0,0,15.1,511,1,26.7
194,881,17.3999996,556767.1201,4889938.167,2009,0,0,15.1,511,1,26.7
195,880,17.5,556768.1198,4889938.192,2009,0,0,15.1,511,1,26.7
196,879,17.5,556769.1195,4889938.217,2009,0,0,15.1,511,1,26.7
197,878,17.5,556770.1192,4889938.243,2009,0,0,15.1,511,1,26.7
198,877,17.3999996,556771.1188,4889938.268,2009,0,0,15.1,511,1,26.7
199,870,17.5,556778.1166,4889938.445,2009,0,0,15.1,511,1,26.7
200,869,17.5,556779.1163,4889938.471,2009,0,0,15.1,511,1,26.7
201,868,18.5,556780.116,4889938.496,2009,0,0,15.1,511,1,26.7
202,867,17.6000004,556781.1156,4889938.521,2009,0,0,15.1,511,1,26.7
203,866,17.7000008,556782.1153,4889938.546,2009,0,0,15.1,511,1,26.7
204,865,17.6000004,556783.115,4889938.572,2009,0,0,15.1,511,1,26.7
205,864,17.5,556784.1147,4889938.597,2009,0,0,15.1,511,1,26.7
206,863,17.6000004,556785.1144,4889938.623,2009,0,0,15.1,511,1,26.7
207,862,17.3999996,556786.114,4889938.648,2009,0,0,15.1,511,1,26.7
208,861,17.6000004,556787.1137,4889938.673,2009,0,0,15.1,511,1,26.7
209,860,17.5,556788.1134,4889938.698,2009,0,0,15.1,511,1,26.7
210,859,17.6000004,556789.1131,4889938.724,2009,0,0,15.1,511,1,26.7
211,858,17.5,556790.1128,4889938.749,2009,0,0,15.1,511,1,26.7
212,857,17.5,556791.1124,4889938.774,2009,0,0,15.1,511,1,26.7
213,856,17.5,556792.1121,4889938.8,2009,0,0,15.1,511,1,26.7
214,855,17.5,556793.1118,4889938.825,2009,0,0,15.1,511,1,26.7
215,854,17.6000004,556794.1113,4889938.854,2009,0,0,15.1,511,1,26.7
216,853,17.5,556795.1107,4889938.891,2009,0,0,15.1,511,1,26.7
217,852,17.3999996,556796.11,4889938.928,2009,0,0,15.1,511,1,26.7
218,851,17.5,556797.1093,4889938.965,2009,0,0,15.1,511,1,26.7
219,850,17.5,556798.1086,4889939.001,2009,0,0,15.1,511,1,26.7
220,849,17.5,556799.108,4889939.038,2009,0,0,15.1,511,1,26.7
221,848,17.5,556800.1073,4889939.075,2009,0,0,15.1,511,1,26.7
222,847,17.3999996,556801.1066,4889939.111,2009,0,0,15.1,511,1,26.7
223,773,17.2999992,556874.3859,4889933.127,2009,0,0,15.1,511,1,26.7
224,774,17.3999996,556873.4004,4889933.297,2009,0,0,15.1,511,1,26.7
225,775,17.3999996,556872.4149,4889933.467,2009,0,0,15.1,511,1,26.7
226,776,17.5,556871.4294,4889933.636,2009,0,0,15.1,511,1,26.7
227,777,17.5,556870.4439,4889933.806,2009,0,0,15.1,511,1,26.7
228,778,17.3999996,556869.4584,4889933.976,2009,0,0,15.1,511,1,26.7
229,779,17.5,556868.4728,4889934.145,2009,0,0,15.1,511,1,26.7
230,780,17.5,556867.4873,4889934.315,2009,0,0,15.1,511,1,26.7
231,781,17.2999992,556866.5018,4889934.485,2009,0,0,15.1,511,1,26.7
232,791,17.3999996,556856.6835,4889936.378,2009,0,0,15.1,511,1,26.7
233,792,17.5,556855.7029,4889936.574,2009,0,0,15.1,511,1,26.7
234,793,17.3999996,556854.7223,4889936.771,2009,0,0,15.1,511,1,26.7
235,794,17.2999992,556853.7418,4889936.967,2009,0,0,15.1,511,1,26.7
236,795,17.2999992,556852.7612,4889937.163,2009,0,0,15.1,511,1,26.7
237,796,17.3999996,556851.7806,4889937.359,2009,0,0,15.1,511,1,26.7
238,797,17.3999996,556850.8,4889937.555,2009,0,0,15.1,511,1,26.7
239,798,17.3999996,556849.8194,4889937.751,2009,0,0,15.1,511,1,26.7
240,799,17.3999996,556848.8389,4889937.947,2009,0,0,15.1,511,1,26.7
241,800,17.5,556847.8583,4889938.143,2009,0,0,15.1,511,1,26.7
242,801,17.3999996,556846.8777,4889938.34,2009,0,0,15.1,511,1,26.7
243,802,17.3999996,556845.8971,4889938.536,2009,0,0,15.1,511,1,26.7
244,803,17.5,556844.9165,4889938.732,2009,0,0,15.1,511,1,26.7
245,804,17.2999992,556843.9359,4889938.928,2009,0,0,15.1,511,1,26.7
246,805,17.3999996,556842.9554,4889939.124,2009,0,0,15.1,511,1,26.7
247,806,17.5,556841.9748,4889939.32,2009,0,0,15.1,511,1,26.7
248,807,17.5,556840.9942,4889939.516,2009,0,0,15.1,511,1,26.7
249,808,17.2999992,556840.0136,4889939.712,2009,0,0,15.1,511,1,26.7
250,809,17.3999996,556839.033,4889939.908,2009,0,0,15.1,511,1,26.7
251,822,17.3999996,556826.0898,4889940.028,2009,0,0,15.1,511,1,26.7
252,821,17.5,556827.0891,4889940.065,2009,0,0,15.1,511,1,26.7
253,810,17.6000004,556838.0525,4889940.104,2009,0,0,15.1,511,1,26.7
254,811,17.3999996,556837.0719,4889940.301,2009,0,0,15.1,511,1,26.7
255,812,17.5,556836.0831,4889940.395,2009,0,0,15.1,511,1,26.7
256,633,17.3999996,557013.007,4889916.502,2009,0,0,15.1,511,1,26.7
257,634,17.3999996,557012.0125,4889916.607,2009,0,0,15.1,511,1,26.7
258,635,17.3999996,557011.0181,4889916.713,2009,0,0,15.1,511,1,26.7
259,636,17.5,557010.0236,4889916.818,2009,0,0,15.1,511,1,26.7
260,637,17.5,557009.0291,4889916.922,2009,0,0,15.1,511,1,26.7
261,638,17.5,557008.0344,4889917.026,2009,0,0,15.1,511,1,26.7
262,639,17.3999996,557007.0398,4889917.129,2009,0,0,15.1,511,1,26.7
263,642,17.5,557004.056,4889917.44,2009,0,0,15.1,511,1,26.7
264,643,17.3999996,557003.0614,4889917.544,2009,0,0,15.1,511,1,26.7
265,644,17.3999996,557002.0667,4889917.647,2009,0,0,15.1,511,1,26.7
266,648,17.3999996,556998.0883,4889918.062,2009,0,0,15.1,511,1,26.7
267,649,17.2999992,556997.0936,4889918.165,2009,0,0,15.1,511,1,26.7
268,650,17.3999996,556996.099,4889918.269,2009,0,0,15.1,511,1,26.7
269,651,17.2999992,556995.1044,4889918.373,2009,0,0,15.1,511,1,26.7
270,652,17.3999996,556994.1098,4889918.476,2009,0,0,15.1,511,1,26.7
271,653,17.3999996,556993.1152,4889918.58,2009,0,0,15.1,511,1,26.7
272,674,17.3999996,556972.1294,4889918.589,2009,0,0,15.1,511,1,26.7
273,673,17.3999996,556973.1293,4889918.602,2009,0,0,15.1,511,1,26.7
274,672,17.3999996,556974.1292,4889918.614,2009,0,0,15.1,511,1,26.7
275,671,17.5,556975.1292,4889918.627,2009,0,0,15.1,511,1,26.7
276,670,17.2999992,556976.1291,4889918.64,2009,0,0,15.1,511,1,26.7
277,669,17.3999996,556977.129,4889918.652,2009,0,0,15.1,511,1,26.7
278,654,17.3999996,556992.1206,4889918.683,2009,0,0,15.1,511,1,26.7
279,655,17.3999996,556991.1259,4889918.787,2009,0,0,15.1,511,1,26.7
280,656,17.2999992,556990.128,4889918.817,2009,0,0,15.1,511,1,26.7
1,171,16.3400002,557302.2726,4889642.479,2019,1,0,14.15,826,0.325,28.9
2,170,16.1900005,557303.2619,4889642.625,2019,1,0,14.15,826,0.325,28.9
3,169,16.0799999,557304.2512,4889642.771,2019,1,0,14.15,826,0.325,28.9
4,168,16.0300007,557305.2405,4889642.917,2019,1,0,14.15,826,0.325,28.9
5,167,16.0799999,557306.2298,4889643.063,2019,1,0,14.15,826,0.325,28.9
6,166,16.2600002,557307.2191,4889643.209,2019,1,0,14.15,826,0.325,28.9
7,165,16.3299999,557308.2084,4889643.355,2019,1,0,14.15,826,0.325,28.9
8,164,16.2700005,557309.1977,4889643.501,2019,1,0,14.15,826,0.325,28.9
9,163,16.2700005,557310.187,4889643.647,2019,1,0,14.15,826,0.325,28.9
10,162,16.2700005,557311.1763,4889643.793,2019,1,0,14.15,826,0.325,28.9
11,161,16.3700008,557312.1655,4889643.939,2019,1,0,14.15,826,0.325,28.9
12,160,16.2999992,557313.1548,4889644.085,2019,1,0,14.15,826,0.325,28.9
13,159,16.2999992,557314.1441,4889644.231,2019,1,0,14.15,826,0.325,28.9
14,158,16.3400002,557315.1334,4889644.376,2019,1,0,14.15,826,0.325,28.9
15,157,16.4099998,557316.1227,4889644.523,2019,1,0,14.15,826,0.325,28.9
16,156,16.3999996,557317.112,4889644.668,2019,1,0,14.15,826,0.325,28.9
17,155,16.2999992,557318.1013,4889644.814,2019,1,0,14.15,826,0.325,28.9
18,154,16.4500008,557319.0906,4889644.96,2019,1,0,14.15,826,0.325,28.9
19,153,16.5699997,557320.0799,4889645.106,2019,1,0,14.15,826,0.325,28.9
20,152,16.75,557321.0692,4889645.252,2019,1,0,14.15,826,0.325,28.9
21,151,16.9899998,557322.0259,4889645.537,2019,1,0,14.15,826,0.325,28.9
22,150,16.9799995,557322.9768,4889645.846,2019,1,0,14.15,826,0.325,28.9
23,149,16.7600002,557323.9277,4889646.156,2019,1,0,14.15,826,0.325,28.9
24,148,16.3500004,557324.8786,4889646.465,2019,1,0,14.15,826,0.325,28.9
25,147,16.2299995,557325.8296,4889646.775,2019,1,0,14.15,826,0.325,28.9
26,143,16.2700005,557329.6332,4889648.013,2019,1,0,14.15,826,0.325,28.9
27,142,16.2000008,557330.5841,4889648.322,2019,1,0,14.15,826,0.325,28.9
28,212,17.2299995,557263.3817,4889653.723,2019,1,0,14.15,826,0.325,28.9
29,221,16.6000004,557254.8962,4889656.723,2019,1,0,14.15,826,0.325,28.9
30,222,16.4400005,557253.9533,4889657.056,2019,1,0,14.15,826,0.325,28.9
31,226,16.7399998,557250.883,4889659.254,2019,1,0,14.15,826,0.325,28.9
32,227,16.9300003,557250.361,4889660.107,2019,1,0,14.15,826,0.325,28.9
33,274,17.5699997,557225.8249,4889700.195,2019,1,0,14.15,826,0.325,28.9
34,287,17.1800003,557223.5583,4889712.643,2019,1,0,14.15,826,0.325,28.9
35,301,17.6800003,557223.0622,4889726.634,2019,1,0,14.15,826,0.325,28.9
36,321,17.5200005,557222.3534,4889746.622,2019,1,0,14.15,826,0.325,28.9
37,322,17.2600002,557222.318,4889747.621,2019,1,0,14.15,826,0.325,28.9
38,326,17.4699993,557222.1762,4889751.618,2019,1,0,14.15,826,0.325,28.9
39,330,17.4899998,557222.0345,4889755.616,2019,1,0,14.15,826,0.325,28.9
40,331,17.0799999,557221.9991,4889756.615,2019,1,0,14.15,826,0.325,28.9
41,332,17.2399998,557221.9636,4889757.615,2019,1,0,14.15,826,0.325,28.9
42,141,16.0799999,557331.535,4889648.632,2019,1,0,14.15,826,0.325,28.9
43,140,16.2299995,557332.4859,4889648.941,2019,1,0,14.15,826,0.325,28.9
44,139,16.1100006,557333.4368,4889649.25,2019,1,0,14.15,826,0.325,28.9
45,138,16.0499992,557334.3877,4889649.56,2019,1,0,14.15,826,0.325,28.9
46,137,16.25,557335.3386,4889649.869,2019,1,0,14.15,826,0.325,28.9
47,136,16.2000008,557336.2896,4889650.179,2019,1,0,14.15,826,0.325,28.9
48,135,16.2800007,557337.2405,4889650.488,2019,1,0,14.15,826,0.325,28.9
49,134,16.3999996,557338.1914,4889650.798,2019,1,0,14.15,826,0.325,28.9
50,133,16.7800007,557339.1423,4889651.107,2019,1,0,14.15,826,0.325,28.9
51,129,16.8500004,557342.9459,4889652.345,2019,1,0,14.15,826,0.325,28.9
52,128,17.1200008,557343.8968,4889652.655,2019,1,0,14.15,826,0.325,28.9
53,124,17.4799995,557347.7005,4889653.893,2019,1,0,14.15,826,0.325,28.9
54,120,16.5200005,557351.5041,4889655.13,2019,1,0,14.15,826,0.325,28.9
55,119,16.4799995,557352.455,4889655.44,2019,1,0,14.15,826,0.325,28.9
56,118,16.4500008,557353.4059,4889655.749,2019,1,0,14.15,826,0.325,28.9
57,117,16.1499996,557354.3568,4889656.059,2019,1,0,14.15,826,0.325,28.9
58,116,16.0200005,557355.3078,4889656.368,2019,1,0,14.15,826,0.325,28.9
59,115,16.2800007,557356.2587,4889656.678,2019,1,0,14.15,826,0.325,28.9
60,109,15.9499998,557361.9641,4889658.534,2019,1,0,14.15,826,0.325,28.9
61,105,15.96,557365.7678,4889659.772,2019,1,0,14.15,826,0.325,28.9
62,104,16,557366.7187,4889660.082,2019,1,0,14.15,826,0.325,28.9
63,103,15.9700003,557367.6696,4889660.391,2019,1,0,14.15,826,0.325,28.9
64,97,16.1000004,557373.375,4889662.248,2019,1,0,14.15,826,0.325,28.9
65,96,15.8100004,557374.326,4889662.558,2019,1,0,14.15,826,0.325,28.9
66,95,16.1700001,557375.2769,4889662.867,2019,1,0,14.15,826,0.325,28.9
67,94,16,557376.2278,4889663.177,2019,1,0,14.15,826,0.325,28.9
68,93,15.9399996,557377.1787,4889663.486,2019,1,0,14.15,826,0.325,28.9
69,90,16.1200008,557380.0314,4889664.414,2019,1,0,14.15,826,0.325,28.9
70,89,15.9899998,557380.9823,4889664.724,2019,1,0,14.15,826,0.325,28.9
71,88,16.1100006,557381.9332,4889665.033,2019,1,0,14.15,826,0.325,28.9
72,87,16.4400005,557382.8841,4889665.343,2019,1,0,14.15,826,0.325,28.9
73,83,16.5300007,557386.6878,4889666.581,2019,1,0,14.15,826,0.325,28.9
74,82,16.4200001,557387.609,4889666.934,2019,1,0,14.15,826,0.325,28.9
75,81,16.5200005,557388.2526,4889667.7,2019,1,0,14.15,826,0.325,28.9
76,80,16.5100002,557388.8962,4889668.465,2019,1,0,14.15,826,0.325,28.9
77,79,16.4799995,557389.5398,4889669.23,2019,1,0,14.15,826,0.325,28.9
78,78,16.4799995,557390.1834,4889669.996,2019,1,0,14.15,826,0.325,28.9
79,77,16.5200005,557390.827,4889670.761,2019,1,0,14.15,826,0.325,28.9
80,76,16.3700008,557391.4706,4889671.526,2019,1,0,14.15,826,0.325,28.9
81,75,16.25,557392.1142,4889672.292,2019,1,0,14.15,826,0.325,28.9
82,58,16.2900009,557403.0554,4889685.303,2019,1,0,14.15,826,0.325,28.9
83,57,16.6299992,557403.699,4889686.068,2019,1,0,14.15,826,0.325,28.9
84,56,17.4799995,557404.3426,4889686.834,2019,1,0,14.15,826,0.325,28.9
85,45,16.5400009,557411.4222,4889695.253,2019,1,0,14.15,826,0.325,28.9
86,44,16.3799992,557412.0658,4889696.018,2019,1,0,14.15,826,0.325,28.9
87,43,16.2800007,557412.7094,4889696.783,2019,1,0,14.15,826,0.325,28.9
88,42,16.3600006,557413.353,4889697.549,2019,1,0,14.15,826,0.325,28.9
89,41,16.3999996,557413.9966,4889698.314,2019,1,0,14.15,826,0.325,28.9
90,40,16.4200001,557414.6402,4889699.079,2019,1,0,14.15,826,0.325,28.9
91,39,16.4400005,557415.2838,4889699.845,2019,1,0,14.15,826,0.325,28.9
92,38,16.4099998,557415.9274,4889700.61,2019,1,0,14.15,826,0.325,28.9
93,37,16.4599991,557416.571,4889701.375,2019,1,0,14.15,826,0.325,28.9
94,36,16.3899994,557417.1772,4889702.171,2019,1,0,14.15,826,0.325,28.9
95,35,16.3400002,557417.7823,4889702.967,2019,1,0,14.15,826,0.325,28.9
96,34,16.5,557418.3874,4889703.763,2019,1,0,14.15,826,0.325,28.9
97,33,16.4699993,557418.9924,4889704.559,2019,1,0,14.15,826,0.325,28.9
98,32,16.5,557419.5975,4889705.355,2019,1,0,14.15,826,0.325,28.9
99,31,16.5300007,557420.2026,4889706.152,2019,1,0,14.15,826,0.325,28.9
100,30,16.6499996,557420.8077,4889706.948,2019,1,0,14.15,826,0.325,28.9
101,29,16.7199993,557421.4128,4889707.744,2019,1,0,14.15,826,0.325,28.9
102,28,16.9799995,557422.0179,4889708.54,2019,1,0,14.15,826,0.325,28.9
103,27,17.1299992,557422.6229,4889709.336,2019,1,0,14.15,826,0.325,28.9
104,26,17.2299995,557423.228,4889710.132,2019,1,0,14.15,826,0.325,28.9
105,25,17.2399998,557423.8331,4889710.929,2019,1,0,14.15,826,0.325,28.9
106,24,17.2800007,557424.4382,4889711.725,2019,1,0,14.15,826,0.325,28.9
107,14,17.5799999,557430.489,4889719.686,2019,1,0,14.15,826,0.325,28.9
108,13,17.5100002,557431.0941,4889720.482,2019,1,0,14.15,826,0.325,28.9
109,12,17.2399998,557431.6992,4889721.279,2019,1,0,14.15,826,0.325,28.9
110,11,17.0400009,557432.3043,4889722.075,2019,1,0,14.15,826,0.325,28.9
111,10,16.8099995,557432.9094,4889722.871,2019,1,0,14.15,826,0.325,28.9
112,9,16.5300007,557433.5144,4889723.667,2019,1,0,14.15,826,0.325,28.9
113,8,16.5100002,557434.1195,4889724.463,2019,1,0,14.15,826,0.325,28.9
114,7,16.6900005,557434.7246,4889725.26,2019,1,0,14.15,826,0.325,28.9
115,1096,17.1299992,556570.8748,4889855.826,2019,1,0,14.15,826,0.325,28.9
116,1095,17.0200005,556571.7962,4889856.215,2019,1,0,14.15,826,0.325,28.9
117,1094,16.8799992,556572.7175,4889856.603,2019,1,0,14.15,826,0.325,28.9
118,1093,16.7700005,556573.6389,4889856.992,2019,1,0,14.15,826,0.325,28.9
119,1092,16.6800003,556574.5603,4889857.381,2019,1,0,14.15,826,0.325,28.9
120,1091,16.6499996,556575.4817,4889857.769,2019,1,0,14.15,826,0.325,28.9
121,1090,16.6900005,556576.4031,4889858.158,2019,1,0,14.15,826,0.325,28.9
122,1089,16.4799995,556577.3245,4889858.547,2019,1,0,14.15,826,0.325,28.9
123,1088,16.4699993,556578.2459,4889858.935,2019,1,0,14.15,826,0.325,28.9
124,1087,16.3700008,556579.1672,4889859.324,2019,1,0,14.15,826,0.325,28.9
125,1086,16.4699993,556580.0886,4889859.713,2019,1,0,14.15,826,0.325,28.9
126,1085,16.4099998,556581.01,4889860.101,2019,1,0,14.15,826,0.325,28.9
127,1084,16.3299999,556581.9314,4889860.49,2019,1,0,14.15,826,0.325,28.9
128,1083,16.3899994,556582.8585,4889860.863,2019,1,0,14.15,826,0.325,28.9
129,1082,16.4099998,556583.818,4889861.144,2019,1,0,14.15,826,0.325,28.9
130,1081,16.4500008,556584.7776,4889861.426,2019,1,0,14.15,826,0.325,28.9
131,1080,16.3500004,556585.7372,4889861.707,2019,1,0,14.15,826,0.325,28.9
132,1079,16.4400005,556586.6968,4889861.989,2019,1,0,14.15,826,0.325,28.9
133,1078,16.2199993,556587.6563,4889862.27,2019,1,0,14.15,826,0.325,28.9
134,1077,16.3500004,556588.6159,4889862.552,2019,1,0,14.15,826,0.325,28.9
135,1076,16.3400002,556589.5755,4889862.833,2019,1,0,14.15,826,0.325,28.9
136,1075,16.4300003,556590.535,4889863.114,2019,1,0,14.15,826,0.325,28.9
137,1074,16.3600006,556591.4946,4889863.396,2019,1,0,14.15,826,0.325,28.9
138,1073,16.4300003,556592.4542,4889863.677,2019,1,0,14.15,826,0.325,28.9
139,1072,16.3799992,556593.4137,4889863.959,2019,1,0,14.15,826,0.325,28.9
140,1071,16.5100002,556594.3733,4889864.24,2019,1,0,14.15,826,0.325,28.9
141,1070,16.4899998,556595.2609,4889864.678,2019,1,0,14.15,826,0.325,28.9
142,1069,16.3899994,556596.0974,4889865.226,2019,1,0,14.15,826,0.325,28.9
143,1038,15.9499998,556622.0277,4889882.215,2019,1,0,14.15,826,0.325,28.9
144,1037,16.3500004,556622.8838,4889882.717,2019,1,0,14.15,826,0.325,28.9
145,1031,15.8500004,556628.7184,4889884.116,2019,1,0,14.15,826,0.325,28.9
146,1030,15.8599997,556629.6909,4889884.349,2019,1,0,14.15,826,0.325,28.9
147,1029,16.0400009,556630.6633,4889884.582,2019,1,0,14.15,826,0.325,28.9
148,1028,16.2800007,556631.6358,4889884.815,2019,1,0,14.15,826,0.325,28.9
149,1018,16.25,556641.3603,4889887.146,2019,1,0,14.15,826,0.325,28.9
150,1017,16.2199993,556642.3327,4889887.379,2019,1,0,14.15,826,0.325,28.9
151,1014,16.2099991,556645.2501,4889888.079,2019,1,0,14.15,826,0.325,28.9
152,1013,16.5499992,556646.2224,4889888.312,2019,1,0,14.15,826,0.325,28.9
153,1012,16.8099995,556647.1833,4889888.589,2019,1,0,14.15,826,0.325,28.9
154,421,16.7099991,557201.1892,4889837.439,2019,1,0,14.15,826,0.325,28.9
155,422,16.7600002,557200.5025,4889838.161,2019,1,0,14.15,826,0.325,28.9
156,431,16.1299992,557193.4937,4889843.807,2019,1,0,14.15,826,0.325,28.9
157,432,15.79,557192.715,4889844.435,2019,1,0,14.15,826,0.325,28.9
158,433,15.96,557191.9362,4889845.062,2019,1,0,14.15,826,0.325,28.9
159,434,16.3500004,557191.1575,4889845.689,2019,1,0,14.15,826,0.325,28.9
160,435,17.2099991,557190.3787,4889846.317,2019,1,0,14.15,826,0.325,28.9
161,350,16.8400002,557224.2453,4889775.454,2019,1,0,14.15,826,0.325,28.9
162,351,16.7800007,557224.3824,4889776.445,2019,1,0,14.15,826,0.325,28.9
163,352,16.7099991,557224.5196,4889777.435,2019,1,0,14.15,826,0.325,28.9
164,353,16.5599995,557224.6567,4889778.426,2019,1,0,14.15,826,0.325,28.9
165,354,16.6000004,557224.7939,4889779.416,2019,1,0,14.15,826,0.325,28.9
166,961,17.7900009,556696.1917,4889902.702,2019,1,0,14.15,826,0.325,28.9
167,960,17.5300007,556697.1321,4889903.022,2019,1,0,14.15,826,0.325,28.9
168,936,17.3700008,556716.8449,4889916.705,2019,1,0,14.15,826,0.325,28.9
169,935,17.2600002,556717.7516,4889917.127,2019,1,0,14.15,826,0.325,28.9
170,934,17.2900009,556718.6583,4889917.549,2019,1,0,14.15,826,0.325,28.9
171,933,17.2600002,556719.565,4889917.971,2019,1,0,14.15,826,0.325,28.9
172,932,17.0400009,556720.4717,4889918.393,2019,1,0,14.15,826,0.325,28.9
173,931,17.0699997,556721.3783,4889918.814,2019,1,0,14.15,826,0.325,28.9
174,928,16.7900009,556724.0984,4889920.08,2019,1,0,14.15,826,0.325,28.9
175,927,17,556725.0051,4889920.502,2019,1,0,14.15,826,0.325,28.9
176,926,16.9500008,556725.9117,4889920.923,2019,1,0,14.15,826,0.325,28.9
177,925,16.9699993,556726.8184,4889921.345,2019,1,0,14.15,826,0.325,28.9
178,924,16.9200001,556727.7251,4889921.767,2019,1,0,14.15,826,0.325,28.9
179,919,17.3999996,556732.2585,4889923.876,2019,1,0,14.15,826,0.325,28.9
180,918,17.3999996,556733.1652,4889924.298,2019,1,0,14.15,826,0.325,28.9
181,912,18.1100006,556738.6053,4889926.829,2019,1,0,14.15,826,0.325,28.9
182,903,17.6499996,556746.7654,4889930.625,2019,1,0,14.15,826,0.325,28.9
183,902,17.1800003,556747.6721,4889931.047,2019,1,0,14.15,826,0.325,28.9
184,891,16.5400009,556757.6456,4889935.687,2019,1,0,14.15,826,0.325,28.9
185,890,16.4799995,556758.5523,4889936.109,2019,1,0,14.15,826,0.325,28.9
186,889,16.6800003,556759.4589,4889936.531,2019,1,0,14.15,826,0.325,28.9
187,888,16.7600002,556760.3656,4889936.953,2019,1,0,14.15,826,0.325,28.9
188,887,16.7999992,556761.2723,4889937.374,2019,1,0,14.15,826,0.325,28.9
189,886,16.8400002,556762.179,4889937.796,2019,1,0,14.15,826,0.325,28.9
190,885,16.7999992,556763.1214,4889938.066,2019,1,0,14.15,826,0.325,28.9
191,884,16.75,556764.1211,4889938.091,2019,1,0,14.15,826,0.325,28.9
192,883,16.7600002,556765.1208,4889938.116,2019,1,0,14.15,826,0.325,28.9
193,882,16.7600002,556766.1204,4889938.142,2019,1,0,14.15,826,0.325,28.9
194,881,16.6800003,556767.1201,4889938.167,2019,1,0,14.15,826,0.325,28.9
195,880,16.5599995,556768.1198,4889938.192,2019,1,0,14.15,826,0.325,28.9
196,879,16.4099998,556769.1195,4889938.217,2019,1,0,14.15,826,0.325,28.9
197,878,16.5900002,556770.1192,4889938.243,2019,1,0,14.15,826,0.325,28.9
198,877,16.6299992,556771.1188,4889938.268,2019,1,0,14.15,826,0.325,28.9
199,870,17.1399994,556778.1166,4889938.445,2019,1,0,14.15,826,0.325,28.9
200,869,16.8500004,556779.1163,4889938.471,2019,1,0,14.15,826,0.325,28.9
201,868,16.6900005,556780.116,4889938.496,2019,1,0,14.15,826,0.325,28.9
202,867,16.5400009,556781.1156,4889938.521,2019,1,0,14.15,826,0.325,28.9
203,866,16.5100002,556782.1153,4889938.546,2019,1,0,14.15,826,0.325,28.9
204,865,16.7000008,556783.115,4889938.572,2019,1,0,14.15,826,0.325,28.9
205,864,16.5799999,556784.1147,4889938.597,2019,1,0,14.15,826,0.325,28.9
206,863,16.6200008,556785.1144,4889938.623,2019,1,0,14.15,826,0.325,28.9
207,862,16.6399994,556786.114,4889938.648,2019,1,0,14.15,826,0.325,28.9
208,861,16.6200008,556787.1137,4889938.673,2019,1,0,14.15,826,0.325,28.9
209,860,16.6800003,556788.1134,4889938.698,2019,1,0,14.15,826,0.325,28.9
210,859,16.6800003,556789.1131,4889938.724,2019,1,0,14.15,826,0.325,28.9
211,858,16.8099995,556790.1128,4889938.749,2019,1,0,14.15,826,0.325,28.9
212,857,16.75,556791.1124,4889938.774,2019,1,0,14.15,826,0.325,28.9
213,856,16.8299999,556792.1121,4889938.8,2019,1,0,14.15,826,0.325,28.9
214,855,16.7399998,556793.1118,4889938.825,2019,1,0,14.15,826,0.325,28.9
215,854,16.7399998,556794.1113,4889938.854,2019,1,0,14.15,826,0.325,28.9
216,853,16.6499996,556795.1107,4889938.891,2019,1,0,14.15,826,0.325,28.9
217,852,16.7800007,556796.11,4889938.928,2019,1,0,14.15,826,0.325,28.9
218,851,16.7999992,556797.1093,4889938.965,2019,1,0,14.15,826,0.325,28.9
219,850,17.0200005,556798.1086,4889939.001,2019,1,0,14.15,826,0.325,28.9
220,849,16.8500004,556799.108,4889939.038,2019,1,0,14.15,826,0.325,28.9
221,848,16.7800007,556800.1073,4889939.075,2019,1,0,14.15,826,0.325,28.9
222,847,16.7099991,556801.1066,4889939.111,2019,1,0,14.15,826,0.325,28.9
223,773,17.4799995,556874.3859,4889933.127,2019,1,0,14.15,826,0.325,28.9
224,774,17.4200001,556873.4004,4889933.297,2019,1,0,14.15,826,0.325,28.9
225,775,17.5300007,556872.4149,4889933.467,2019,1,0,14.15,826,0.325,28.9
226,776,17.6200008,556871.4294,4889933.636,2019,1,0,14.15,826,0.325,28.9
227,777,17.3799992,556870.4439,4889933.806,2019,1,0,14.15,826,0.325,28.9
228,778,17.1700001,556869.4584,4889933.976,2019,1,0,14.15,826,0.325,28.9
229,779,17.1499996,556868.4728,4889934.145,2019,1,0,14.15,826,0.325,28.9
230,780,17.1900005,556867.4873,4889934.315,2019,1,0,14.15,826,0.325,28.9
231,781,17.2700005,556866.5018,4889934.485,2019,1,0,14.15,826,0.325,28.9
232,791,16.8099995,556856.6835,4889936.378,2019,1,0,14.15,826,0.325,28.9
233,792,16.6599998,556855.7029,4889936.574,2019,1,0,14.15,826,0.325,28.9
234,793,16.7299995,556854.7223,4889936.771,2019,1,0,14.15,826,0.325,28.9
235,794,16.8199997,556853.7418,4889936.967,2019,1,0,14.15,826,0.325,28.9
236,795,16.7199993,556852.7612,4889937.163,2019,1,0,14.15,826,0.325,28.9
237,796,16.6800003,556851.7806,4889937.359,2019,1,0,14.15,826,0.325,28.9
238,797,16.7700005,556850.8,4889937.555,2019,1,0,14.15,826,0.325,28.9
239,798,16.6399994,556849.8194,4889937.751,2019,1,0,14.15,826,0.325,28.9
240,799,16.7000008,556848.8389,4889937.947,2019,1,0,14.15,826,0.325,28.9
241,800,16.8199997,556847.8583,4889938.143,2019,1,0,14.15,826,0.325,28.9
242,801,16.7900009,556846.8777,4889938.34,2019,1,0,14.15,826,0.325,28.9
243,802,16.7700005,556845.8971,4889938.536,2019,1,0,14.15,826,0.325,28.9
244,803,16.8099995,556844.9165,4889938.732,2019,1,0,14.15,826,0.325,28.9
245,804,16.8199997,556843.9359,4889938.928,2019,1,0,14.15,826,0.325,28.9
246,805,16.9200001,556842.9554,4889939.124,2019,1,0,14.15,826,0.325,28.9
247,806,16.8199997,556841.9748,4889939.32,2019,1,0,14.15,826,0.325,28.9
248,807,16.75,556840.9942,4889939.516,2019,1,0,14.15,826,0.325,28.9
249,808,16.6499996,556840.0136,4889939.712,2019,1,0,14.15,826,0.325,28.9
250,809,16.6499996,556839.033,4889939.908,2019,1,0,14.15,826,0.325,28.9
251,822,17.6399994,556826.0898,4889940.028,2019,1,0,14.15,826,0.325,28.9
252,821,17.3899994,556827.0891,4889940.065,2019,1,0,14.15,826,0.325,28.9
253,810,16.5900002,556838.0525,4889940.104,2019,1,0,14.15,826,0.325,28.9
254,811,16.5900002,556837.0719,4889940.301,2019,1,0,14.15,826,0.325,28.9
255,812,16.7099991,556836.0831,4889940.395,2019,1,0,14.15,826,0.325,28.9
256,633,16.8999996,557013.007,4889916.502,2019,1,0,14.15,826,0.325,28.9
257,634,16.8700008,557012.0125,4889916.607,2019,1,0,14.15,826,0.325,28.9
258,635,16.8199997,557011.0181,4889916.713,2019,1,0,14.15,826,0.325,28.9
259,636,16.9200001,557010.0236,4889916.818,2019,1,0,14.15,826,0.325,28.9
260,637,16.9799995,557009.0291,4889916.922,2019,1,0,14.15,826,0.325,28.9
261,638,16.8999996,557008.0344,4889917.026,2019,1,0,14.15,826,0.325,28.9
262,639,17.2099991,557007.0398,4889917.129,2019,1,0,14.15,826,0.325,28.9
263,642,17.2099991,557004.056,4889917.44,2019,1,0,14.15,826,0.325,28.9
264,643,17.1900005,557003.0614,4889917.544,2019,1,0,14.15,826,0.325,28.9
265,644,17.3099995,557002.0667,4889917.647,2019,1,0,14.15,826,0.325,28.9
266,648,17.0799999,556998.0883,4889918.062,2019,1,0,14.15,826,0.325,28.9
267,649,17.0799999,556997.0936,4889918.165,2019,1,0,14.15,826,0.325,28.9
268,650,17.1100006,556996.099,4889918.269,2019,1,0,14.15,826,0.325,28.9
269,651,17.0499992,556995.1044,4889918.373,2019,1,0,14.15,826,0.325,28.9
270,652,17.0300007,556994.1098,4889918.476,2019,1,0,14.15,826,0.325,28.9
271,653,17.0100002,556993.1152,4889918.58,2019,1,0,14.15,826,0.325,28.9
272,674,19.1200008,556972.1294,4889918.589,2019,1,0,14.15,826,0.325,28.9
273,673,17.5200005,556973.1293,4889918.602,2019,1,0,14.15,826,0.325,28.9
274,672,17.3700008,556974.1292,4889918.614,2019,1,0,14.15,826,0.325,28.9
275,671,17.3600006,556975.1292,4889918.627,2019,1,0,14.15,826,0.325,28.9
276,670,17.3600006,556976.1291,4889918.64,2019,1,0,14.15,826,0.325,28.9
277,669,17.3999996,556977.129,4889918.652,2019,1,0,14.15,826,0.325,28.9
278,654,17.0300007,556992.1206,4889918.683,2019,1,0,14.15,826,0.325,28.9
279,655,17.0400009,556991.1259,4889918.787,2019,1,0,14.15,826,0.325,28.9
280,656,16.9599991,556990.128,4889918.817,2019,1,0,14.15,826,0.325,28.9
1,171,18.3799992,557302.2726,4889642.479,2021,1,1,15.3,390,0.062,27.2
2,170,18.2600002,557303.2619,4889642.625,2021,1,1,15.3,390,0.062,27.2
3,169,18.2199993,557304.2512,4889642.771,2021,1,1,15.3,390,0.062,27.2
4,168,18.1100006,557305.2405,4889642.917,2021,1,1,15.3,390,0.062,27.2
5,167,18.25,557306.2298,4889643.063,2021,1,1,15.3,390,0.062,27.2
6,166,17.9899998,557307.2191,4889643.209,2021,1,1,15.3,390,0.062,27.2
7,165,18.0100002,557308.2084,4889643.355,2021,1,1,15.3,390,0.062,27.2
8,164,17.8199997,557309.1977,4889643.501,2021,1,1,15.3,390,0.062,27.2
9,163,17.9200001,557310.187,4889643.647,2021,1,1,15.3,390,0.062,27.2
10,162,17.9300003,557311.1763,4889643.793,2021,1,1,15.3,390,0.062,27.2
11,161,17.9699993,557312.1655,4889643.939,2021,1,1,15.3,390,0.062,27.2
12,160,17.9500008,557313.1548,4889644.085,2021,1,1,15.3,390,0.062,27.2
13,159,17.7600002,557314.1441,4889644.231,2021,1,1,15.3,390,0.062,27.2
14,158,17.7399998,557315.1334,4889644.376,2021,1,1,15.3,390,0.062,27.2
15,157,17.7600002,557316.1227,4889644.523,2021,1,1,15.3,390,0.062,27.2
16,156,17.8199997,557317.112,4889644.668,2021,1,1,15.3,390,0.062,27.2
17,155,17.8600006,557318.1013,4889644.814,2021,1,1,15.3,390,0.062,27.2
18,154,17.8299999,557319.0906,4889644.96,2021,1,1,15.3,390,0.062,27.2
19,153,17.7399998,557320.0799,4889645.106,2021,1,1,15.3,390,0.062,27.2
20,152,17.5900002,557321.0692,4889645.252,2021,1,1,15.3,390,0.062,27.2
21,151,17.5100002,557322.0259,4889645.537,2021,1,1,15.3,390,0.062,27.2
22,150,17.5,557322.9768,4889645.846,2021,1,1,15.3,390,0.062,27.2
23,149,17.5200005,557323.9277,4889646.156,2021,1,1,15.3,390,0.062,27.2
24,148,17.6200008,557324.8786,4889646.465,2021,1,1,15.3,390,0.062,27.2
25,147,17.7999992,557325.8296,4889646.775,2021,1,1,15.3,390,0.062,27.2
26,143,18.0400009,557329.6332,4889648.013,2021,1,1,15.3,390,0.062,27.2
27,142,18.0900002,557330.5841,4889648.322,2021,1,1,15.3,390,0.062,27.2
28,212,18.5599995,557263.3817,4889653.723,2021,1,1,15.3,390,0.062,27.2
29,221,17.5900002,557254.8962,4889656.723,2021,1,1,15.3,390,0.062,27.2
30,222,17.6499996,557253.9533,4889657.056,2021,1,1,15.3,390,0.062,27.2
31,226,17.75,557250.883,4889659.254,2021,1,1,15.3,390,0.062,27.2
32,227,17.8400002,557250.361,4889660.107,2021,1,1,15.3,390,0.062,27.2
33,274,19.1399994,557225.8249,4889700.195,2021,1,1,15.3,390,0.062,27.2
34,287,18.1800003,557223.5583,4889712.643,2021,1,1,15.3,390,0.062,27.2
35,301,18.9200001,557223.0622,4889726.634,2021,1,1,15.3,390,0.062,27.2
36,321,18.3199997,557222.3534,4889746.622,2021,1,1,15.3,390,0.062,27.2
37,322,18.4899998,557222.318,4889747.621,2021,1,1,15.3,390,0.062,27.2
38,326,18.9099998,557222.1762,4889751.618,2021,1,1,15.3,390,0.062,27.2
39,330,18.3099995,557222.0345,4889755.616,2021,1,1,15.3,390,0.062,27.2
40,331,18.1000004,557221.9991,4889756.615,2021,1,1,15.3,390,0.062,27.2
41,332,18.7099991,557221.9636,4889757.615,2021,1,1,15.3,390,0.062,27.2
42,141,17.8199997,557331.535,4889648.632,2021,1,1,15.3,390,0.062,27.2
43,140,17.7999992,557332.4859,4889648.941,2021,1,1,15.3,390,0.062,27.2
44,139,17.8799992,557333.4368,4889649.25,2021,1,1,15.3,390,0.062,27.2
45,138,18.0100002,557334.3877,4889649.56,2021,1,1,15.3,390,0.062,27.2
46,137,18.0200005,557335.3386,4889649.869,2021,1,1,15.3,390,0.062,27.2
47,136,18.0699997,557336.2896,4889650.179,2021,1,1,15.3,390,0.062,27.2
48,135,18.0599995,557337.2405,4889650.488,2021,1,1,15.3,390,0.062,27.2
49,134,17.8999996,557338.1914,4889650.798,2021,1,1,15.3,390,0.062,27.2
50,133,17.75,557339.1423,4889651.107,2021,1,1,15.3,390,0.062,27.2
51,129,17.5200005,557342.9459,4889652.345,2021,1,1,15.3,390,0.062,27.2
52,128,17.3600006,557343.8968,4889652.655,2021,1,1,15.3,390,0.062,27.2
53,124,17.0100002,557347.7005,4889653.893,2021,1,1,15.3,390,0.062,27.2
54,120,16.8799992,557351.5041,4889655.13,2021,1,1,15.3,390,0.062,27.2
55,119,16.9200001,557352.455,4889655.44,2021,1,1,15.3,390,0.062,27.2
56,118,16.8400002,557353.4059,4889655.749,2021,1,1,15.3,390,0.062,27.2
57,117,16.9500008,557354.3568,4889656.059,2021,1,1,15.3,390,0.062,27.2
58,116,17.0300007,557355.3078,4889656.368,2021,1,1,15.3,390,0.062,27.2
59,115,17.0400009,557356.2587,4889656.678,2021,1,1,15.3,390,0.062,27.2
60,109,17.1000004,557361.9641,4889658.534,2021,1,1,15.3,390,0.062,27.2
61,105,17.0200005,557365.7678,4889659.772,2021,1,1,15.3,390,0.062,27.2
62,104,17,557366.7187,4889660.082,2021,1,1,15.3,390,0.062,27.2
63,103,16.9899998,557367.6696,4889660.391,2021,1,1,15.3,390,0.062,27.2
64,97,17.1599998,557373.375,4889662.248,2021,1,1,15.3,390,0.062,27.2
65,96,17.1800003,557374.326,4889662.558,2021,1,1,15.3,390,0.062,27.2
66,95,17.1399994,557375.2769,4889662.867,2021,1,1,15.3,390,0.062,27.2
67,94,17.1800003,557376.2278,4889663.177,2021,1,1,15.3,390,0.062,27.2
68,93,17.1599998,557377.1787,4889663.486,2021,1,1,15.3,390,0.062,27.2
69,90,17.3799992,557380.0314,4889664.414,2021,1,1,15.3,390,0.062,27.2
70,89,17.3299999,557380.9823,4889664.724,2021,1,1,15.3,390,0.062,27.2
71,88,17.4300003,557381.9332,4889665.033,2021,1,1,15.3,390,0.062,27.2
72,87,17.4200001,557382.8841,4889665.343,2021,1,1,15.3,390,0.062,27.2
73,83,17.6100006,557386.6878,4889666.581,2021,1,1,15.3,390,0.062,27.2
74,82,17.3999996,557387.609,4889666.934,2021,1,1,15.3,390,0.062,27.2
75,81,17.2999992,557388.2526,4889667.7,2021,1,1,15.3,390,0.062,27.2
76,80,17.25,557388.8962,4889668.465,2021,1,1,15.3,390,0.062,27.2
77,79,17.3099995,557389.5398,4889669.23,2021,1,1,15.3,390,0.062,27.2
78,78,17.1900005,557390.1834,4889669.996,2021,1,1,15.3,390,0.062,27.2
79,77,17.2900009,557390.827,4889670.761,2021,1,1,15.3,390,0.062,27.2
80,76,17.4799995,557391.4706,4889671.526,2021,1,1,15.3,390,0.062,27.2
81,75,17.3999996,557392.1142,4889672.292,2021,1,1,15.3,390,0.062,27.2
82,58,17.4899998,557403.0554,4889685.303,2021,1,1,15.3,390,0.062,27.2
83,57,17.6499996,557403.699,4889686.068,2021,1,1,15.3,390,0.062,27.2
84,56,17.75,557404.3426,4889686.834,2021,1,1,15.3,390,0.062,27.2
85,45,17.75,557411.4222,4889695.253,2021,1,1,15.3,390,0.062,27.2
86,44,17.75,557412.0658,4889696.018,2021,1,1,15.3,390,0.062,27.2
87,43,17.7999992,557412.7094,4889696.783,2021,1,1,15.3,390,0.062,27.2
88,42,17.7900009,557413.353,4889697.549,2021,1,1,15.3,390,0.062,27.2
89,41,17.6000004,557413.9966,4889698.314,2021,1,1,15.3,390,0.062,27.2
90,40,17.6800003,557414.6402,4889699.079,2021,1,1,15.3,390,0.062,27.2
91,39,17.6000004,557415.2838,4889699.845,2021,1,1,15.3,390,0.062,27.2
92,38,17.5200005,557415.9274,4889700.61,2021,1,1,15.3,390,0.062,27.2
93,37,17.5699997,557416.571,4889701.375,2021,1,1,15.3,390,0.062,27.2
94,36,17.6599998,557417.1772,4889702.171,2021,1,1,15.3,390,0.062,27.2
95,35,17.5499992,557417.7823,4889702.967,2021,1,1,15.3,390,0.062,27.2
96,34,17.5100002,557418.3874,4889703.763,2021,1,1,15.3,390,0.062,27.2
97,33,17.4799995,557418.9924,4889704.559,2021,1,1,15.3,390,0.062,27.2
98,32,17.5100002,557419.5975,4889705.355,2021,1,1,15.3,390,0.062,27.2
99,31,17.4500008,557420.2026,4889706.152,2021,1,1,15.3,390,0.062,27.2
100,30,17.5100002,557420.8077,4889706.948,2021,1,1,15.3,390,0.062,27.2
101,29,17.4699993,557421.4128,4889707.744,2021,1,1,15.3,390,0.062,27.2
102,28,17.7299995,557422.0179,4889708.54,2021,1,1,15.3,390,0.062,27.2
103,27,17.5599995,557422.6229,4889709.336,2021,1,1,15.3,390,0.062,27.2
104,26,17.5,557423.228,4889710.132,2021,1,1,15.3,390,0.062,27.2
105,25,17.4899998,557423.8331,4889710.929,2021,1,1,15.3,390,0.062,27.2
106,24,17.4599991,557424.4382,4889711.725,2021,1,1,15.3,390,0.062,27.2
107,14,18.0799999,557430.489,4889719.686,2021,1,1,15.3,390,0.062,27.2
108,13,18.3099995,557431.0941,4889720.482,2021,1,1,15.3,390,0.062,27.2
109,12,18.4899998,557431.6992,4889721.279,2021,1,1,15.3,390,0.062,27.2
110,11,18.7299995,557432.3043,4889722.075,2021,1,1,15.3,390,0.062,27.2
111,10,19.2199993,557432.9094,4889722.871,2021,1,1,15.3,390,0.062,27.2
112,9,19.6000004,557433.5144,4889723.667,2021,1,1,15.3,390,0.062,27.2
113,8,19.9200001,557434.1195,4889724.463,2021,1,1,15.3,390,0.062,27.2
114,7,19.8199997,557434.7246,4889725.26,2021,1,1,15.3,390,0.062,27.2
115,1096,16.9300003,556570.8748,4889855.826,2021,1,1,15.3,390,0.062,27.2
116,1095,16.9400005,556571.7962,4889856.215,2021,1,1,15.3,390,0.062,27.2
117,1094,17.0699997,556572.7175,4889856.603,2021,1,1,15.3,390,0.062,27.2
118,1093,17.0400009,556573.6389,4889856.992,2021,1,1,15.3,390,0.062,27.2
119,1092,17.0300007,556574.5603,4889857.381,2021,1,1,15.3,390,0.062,27.2
120,1091,17.0900002,556575.4817,4889857.769,2021,1,1,15.3,390,0.062,27.2
121,1090,17.2099991,556576.4031,4889858.158,2021,1,1,15.3,390,0.062,27.2
122,1089,17.3600006,556577.3245,4889858.547,2021,1,1,15.3,390,0.062,27.2
123,1088,17.4300003,556578.2459,4889858.935,2021,1,1,15.3,390,0.062,27.2
124,1087,17.3700008,556579.1672,4889859.324,2021,1,1,15.3,390,0.062,27.2
125,1086,17.4400005,556580.0886,4889859.713,2021,1,1,15.3,390,0.062,27.2
126,1085,17.2399998,556581.01,4889860.101,2021,1,1,15.3,390,0.062,27.2
127,1084,17.2299995,556581.9314,4889860.49,2021,1,1,15.3,390,0.062,27.2
128,1083,17.1599998,556582.8585,4889860.863,2021,1,1,15.3,390,0.062,27.2
129,1082,17.2999992,556583.818,4889861.144,2021,1,1,15.3,390,0.062,27.2
130,1081,17.25,556584.7776,4889861.426,2021,1,1,15.3,390,0.062,27.2
131,1080,17.3400002,556585.7372,4889861.707,2021,1,1,15.3,390,0.062,27.2
132,1079,17.4699993,556586.6968,4889861.989,2021,1,1,15.3,390,0.062,27.2
133,1078,17.5,556587.6563,4889862.27,2021,1,1,15.3,390,0.062,27.2
134,1077,17.4300003,556588.6159,4889862.552,2021,1,1,15.3,390,0.062,27.2
135,1076,17.4300003,556589.5755,4889862.833,2021,1,1,15.3,390,0.062,27.2
136,1075,17.5699997,556590.535,4889863.114,2021,1,1,15.3,390,0.062,27.2
137,1074,17.5799999,556591.4946,4889863.396,2021,1,1,15.3,390,0.062,27.2
138,1073,17.5,556592.4542,4889863.677,2021,1,1,15.3,390,0.062,27.2
139,1072,17.5799999,556593.4137,4889863.959,2021,1,1,15.3,390,0.062,27.2
140,1071,17.6299992,556594.3733,4889864.24,2021,1,1,15.3,390,0.062,27.2
141,1070,17.6200008,556595.2609,4889864.678,2021,1,1,15.3,390,0.062,27.2
142,1069,17.7700005,556596.0974,4889865.226,2021,1,1,15.3,390,0.062,27.2
143,1038,18.0400009,556622.0277,4889882.215,2021,1,1,15.3,390,0.062,27.2
144,1037,18,556622.8838,4889882.717,2021,1,1,15.3,390,0.062,27.2
145,1031,17.7000008,556628.7184,4889884.116,2021,1,1,15.3,390,0.062,27.2
146,1030,18.1900005,556629.6909,4889884.349,2021,1,1,15.3,390,0.062,27.2
147,1029,18.3500004,556630.6633,4889884.582,2021,1,1,15.3,390,0.062,27.2
148,1028,18.4699993,556631.6358,4889884.815,2021,1,1,15.3,390,0.062,27.2
149,1018,18.2399998,556641.3603,4889887.146,2021,1,1,15.3,390,0.062,27.2
150,1017,18.2299995,556642.3327,4889887.379,2021,1,1,15.3,390,0.062,27.2
151,1014,18.2199993,556645.2501,4889888.079,2021,1,1,15.3,390,0.062,27.2
152,1013,18.6299992,556646.2224,4889888.312,2021,1,1,15.3,390,0.062,27.2
153,1012,19.0200005,556647.1833,4889888.589,2021,1,1,15.3,390,0.062,27.2
154,421,17.9599991,557201.1892,4889837.439,2021,1,1,15.3,390,0.062,27.2
155,422,17.7900009,557200.5025,4889838.161,2021,1,1,15.3,390,0.062,27.2
156,431,17.5599995,557193.4937,4889843.807,2021,1,1,15.3,390,0.062,27.2
157,432,17.8600006,557192.715,4889844.435,2021,1,1,15.3,390,0.062,27.2
158,433,17.7099991,557191.9362,4889845.062,2021,1,1,15.3,390,0.062,27.2
159,434,18.1299992,557191.1575,4889845.689,2021,1,1,15.3,390,0.062,27.2
160,435,18.8600006,557190.3787,4889846.317,2021,1,1,15.3,390,0.062,27.2
161,350,17.8299999,557224.2453,4889775.454,2021,1,1,15.3,390,0.062,27.2
162,351,17.7299995,557224.3824,4889776.445,2021,1,1,15.3,390,0.062,27.2
163,352,17.6100006,557224.5196,4889777.435,2021,1,1,15.3,390,0.062,27.2
164,353,17.4200001,557224.6567,4889778.426,2021,1,1,15.3,390,0.062,27.2
165,354,17.7099991,557224.7939,4889779.416,2021,1,1,15.3,390,0.062,27.2
166,961,18.6200008,556696.1917,4889902.702,2021,1,1,15.3,390,0.062,27.2
167,960,18.6100006,556697.1321,4889903.022,2021,1,1,15.3,390,0.062,27.2
168,936,18.5200005,556716.8449,4889916.705,2021,1,1,15.3,390,0.062,27.2
169,935,18.2399998,556717.7516,4889917.127,2021,1,1,15.3,390,0.062,27.2
170,934,18.2900009,556718.6583,4889917.549,2021,1,1,15.3,390,0.062,27.2
171,933,18.2600002,556719.565,4889917.971,2021,1,1,15.3,390,0.062,27.2
172,932,18.2600002,556720.4717,4889918.393,2021,1,1,15.3,390,0.062,27.2
173,931,18.3299999,556721.3783,4889918.814,2021,1,1,15.3,390,0.062,27.2
174,928,18.2399998,556724.0984,4889920.08,2021,1,1,15.3,390,0.062,27.2
175,927,18.2099991,556725.0051,4889920.502,2021,1,1,15.3,390,0.062,27.2
176,926,18.2399998,556725.9117,4889920.923,2021,1,1,15.3,390,0.062,27.2
177,925,18.2999992,556726.8184,4889921.345,2021,1,1,15.3,390,0.062,27.2
178,924,18.3500004,556727.7251,4889921.767,2021,1,1,15.3,390,0.062,27.2
179,919,18.6800003,556732.2585,4889923.876,2021,1,1,15.3,390,0.062,27.2
180,918,18.8199997,556733.1652,4889924.298,2021,1,1,15.3,390,0.062,27.2
181,912,19.7199993,556738.6053,4889926.829,2021,1,1,15.3,390,0.062,27.2
182,903,18.8999996,556746.7654,4889930.625,2021,1,1,15.3,390,0.062,27.2
183,902,18.6900005,556747.6721,4889931.047,2021,1,1,15.3,390,0.062,27.2
184,891,18.2399998,556757.6456,4889935.687,2021,1,1,15.3,390,0.062,27.2
185,890,18.25,556758.5523,4889936.109,2021,1,1,15.3,390,0.062,27.2
186,889,18.1299992,556759.4589,4889936.531,2021,1,1,15.3,390,0.062,27.2
187,888,18.2600002,556760.3656,4889936.953,2021,1,1,15.3,390,0.062,27.2
188,887,18.3799992,556761.2723,4889937.374,2021,1,1,15.3,390,0.062,27.2
189,886,18.4200001,556762.179,4889937.796,2021,1,1,15.3,390,0.062,27.2
190,885,18.5100002,556763.1214,4889938.066,2021,1,1,15.3,390,0.062,27.2
191,884,18.3799992,556764.1211,4889938.091,2021,1,1,15.3,390,0.062,27.2
192,883,18.3899994,556765.1208,4889938.116,2021,1,1,15.3,390,0.062,27.2
193,882,18.3799992,556766.1204,4889938.142,2021,1,1,15.3,390,0.062,27.2
194,881,18.4400005,556767.1201,4889938.167,2021,1,1,15.3,390,0.062,27.2
195,880,18.4400005,556768.1198,4889938.192,2021,1,1,15.3,390,0.062,27.2
196,879,18.6900005,556769.1195,4889938.217,2021,1,1,15.3,390,0.062,27.2
197,878,18.9899998,556770.1192,4889938.243,2021,1,1,15.3,390,0.062,27.2
198,877,20.3199997,556771.1188,4889938.268,2021,1,1,15.3,390,0.062,27.2
199,870,18.4799995,556778.1166,4889938.445,2021,1,1,15.3,390,0.062,27.2
200,869,18.4699993,556779.1163,4889938.471,2021,1,1,15.3,390,0.062,27.2
201,868,18.3899994,556780.116,4889938.496,2021,1,1,15.3,390,0.062,27.2
202,867,18.3099995,556781.1156,4889938.521,2021,1,1,15.3,390,0.062,27.2
203,866,18.2900009,556782.1153,4889938.546,2021,1,1,15.3,390,0.062,27.2
204,865,18.2199993,556783.115,4889938.572,2021,1,1,15.3,390,0.062,27.2
205,864,18.1399994,556784.1147,4889938.597,2021,1,1,15.3,390,0.062,27.2
206,863,18.1499996,556785.1144,4889938.623,2021,1,1,15.3,390,0.062,27.2
207,862,18.0900002,556786.114,4889938.648,2021,1,1,15.3,390,0.062,27.2
208,861,18.0699997,556787.1137,4889938.673,2021,1,1,15.3,390,0.062,27.2
209,860,18.1200008,556788.1134,4889938.698,2021,1,1,15.3,390,0.062,27.2
210,859,18.0900002,556789.1131,4889938.724,2021,1,1,15.3,390,0.062,27.2
211,858,18.1100006,556790.1128,4889938.749,2021,1,1,15.3,390,0.062,27.2
212,857,18.1000004,556791.1124,4889938.774,2021,1,1,15.3,390,0.062,27.2
213,856,18.0599995,556792.1121,4889938.8,2021,1,1,15.3,390,0.062,27.2
214,855,18.0599995,556793.1118,4889938.825,2021,1,1,15.3,390,0.062,27.2
215,854,18.0699997,556794.1113,4889938.854,2021,1,1,15.3,390,0.062,27.2
216,853,18.0599995,556795.1107,4889938.891,2021,1,1,15.3,390,0.062,27.2
217,852,18.2000008,556796.11,4889938.928,2021,1,1,15.3,390,0.062,27.2
218,851,18.0599995,556797.1093,4889938.965,2021,1,1,15.3,390,0.062,27.2
219,850,18.1100006,556798.1086,4889939.001,2021,1,1,15.3,390,0.062,27.2
220,849,18.2199993,556799.108,4889939.038,2021,1,1,15.3,390,0.062,27.2
221,848,18.2600002,556800.1073,4889939.075,2021,1,1,15.3,390,0.062,27.2
222,847,18.2999992,556801.1066,4889939.111,2021,1,1,15.3,390,0.062,27.2
223,773,19.1200008,556874.3859,4889933.127,2021,1,1,15.3,390,0.062,27.2
224,774,19.0799999,556873.4004,4889933.297,2021,1,1,15.3,390,0.062,27.2
225,775,18.7999992,556872.4149,4889933.467,2021,1,1,15.3,390,0.062,27.2
226,776,18.7399998,556871.4294,4889933.636,2021,1,1,15.3,390,0.062,27.2
227,777,18.8899994,556870.4439,4889933.806,2021,1,1,15.3,390,0.062,27.2
228,778,18.8700008,556869.4584,4889933.976,2021,1,1,15.3,390,0.062,27.2
229,779,18.8299999,556868.4728,4889934.145,2021,1,1,15.3,390,0.062,27.2
230,780,18.7299995,556867.4873,4889934.315,2021,1,1,15.3,390,0.062,27.2
231,781,18.75,556866.5018,4889934.485,2021,1,1,15.3,390,0.062,27.2
232,791,18.6000004,556856.6835,4889936.378,2021,1,1,15.3,390,0.062,27.2
233,792,18.6800003,556855.7029,4889936.574,2021,1,1,15.3,390,0.062,27.2
234,793,18.7199993,556854.7223,4889936.771,2021,1,1,15.3,390,0.062,27.2
235,794,18.6399994,556853.7418,4889936.967,2021,1,1,15.3,390,0.062,27.2
236,795,18.6299992,556852.7612,4889937.163,2021,1,1,15.3,390,0.062,27.2
237,796,18.5599995,556851.7806,4889937.359,2021,1,1,15.3,390,0.062,27.2
238,797,18.7000008,556850.8,4889937.555,2021,1,1,15.3,390,0.062,27.2
239,798,18.4599991,556849.8194,4889937.751,2021,1,1,15.3,390,0.062,27.2
240,799,18.5499992,556848.8389,4889937.947,2021,1,1,15.3,390,0.062,27.2
241,800,18.6299992,556847.8583,4889938.143,2021,1,1,15.3,390,0.062,27.2
242,801,18.4500008,556846.8777,4889938.34,2021,1,1,15.3,390,0.062,27.2
243,802,18.4400005,556845.8971,4889938.536,2021,1,1,15.3,390,0.062,27.2
244,803,18.3500004,556844.9165,4889938.732,2021,1,1,15.3,390,0.062,27.2
245,804,18.5100002,556843.9359,4889938.928,2021,1,1,15.3,390,0.062,27.2
246,805,18.3899994,556842.9554,4889939.124,2021,1,1,15.3,390,0.062,27.2
247,806,18.4099998,556841.9748,4889939.32,2021,1,1,15.3,390,0.062,27.2
248,807,18.4300003,556840.9942,4889939.516,2021,1,1,15.3,390,0.062,27.2
249,808,18.6100006,556840.0136,4889939.712,2021,1,1,15.3,390,0.062,27.2
250,809,18.4200001,556839.033,4889939.908,2021,1,1,15.3,390,0.062,27.2
251,822,18.6700001,556826.0898,4889940.028,2021,1,1,15.3,390,0.062,27.2
252,821,18.8899994,556827.0891,4889940.065,2021,1,1,15.3,390,0.062,27.2
253,810,18.4500008,556838.0525,4889940.104,2021,1,1,15.3,390,0.062,27.2
254,811,18.4500008,556837.0719,4889940.301,2021,1,1,15.3,390,0.062,27.2
255,812,18.3199997,556836.0831,4889940.395,2021,1,1,15.3,390,0.062,27.2
256,633,17.5799999,557013.007,4889916.502,2021,1,1,15.3,390,0.062,27.2
257,634,17.6000004,557012.0125,4889916.607,2021,1,1,15.3,390,0.062,27.2
258,635,17.5400009,557011.0181,4889916.713,2021,1,1,15.3,390,0.062,27.2
259,636,17.5599995,557010.0236,4889916.818,2021,1,1,15.3,390,0.062,27.2
260,637,17.6700001,557009.0291,4889916.922,2021,1,1,15.3,390,0.062,27.2
261,638,17.4699993,557008.0344,4889917.026,2021,1,1,15.3,390,0.062,27.2
262,639,17.7000008,557007.0398,4889917.129,2021,1,1,15.3,390,0.062,27.2
263,642,17.7199993,557004.056,4889917.44,2021,1,1,15.3,390,0.062,27.2
264,643,17.5900002,557003.0614,4889917.544,2021,1,1,15.3,390,0.062,27.2
265,644,17.4300003,557002.0667,4889917.647,2021,1,1,15.3,390,0.062,27.2
266,648,17.5599995,556998.0883,4889918.062,2021,1,1,15.3,390,0.062,27.2
267,649,17.6299992,556997.0936,4889918.165,2021,1,1,15.3,390,0.062,27.2
268,650,17.5300007,556996.099,4889918.269,2021,1,1,15.3,390,0.062,27.2
269,651,17.5100002,556995.1044,4889918.373,2021,1,1,15.3,390,0.062,27.2
270,652,17.5400009,556994.1098,4889918.476,2021,1,1,15.3,390,0.062,27.2
271,653,17.4799995,556993.1152,4889918.58,2021,1,1,15.3,390,0.062,27.2
272,674,19.9500008,556972.1294,4889918.589,2021,1,1,15.3,390,0.062,27.2
273,673,18.2199993,556973.1293,4889918.602,2021,1,1,15.3,390,0.062,27.2
274,672,18.0100002,556974.1292,4889918.614,2021,1,1,15.3,390,0.062,27.2
275,671,17.9599991,556975.1292,4889918.627,2021,1,1,15.3,390,0.062,27.2
276,670,17.8600006,556976.1291,4889918.64,2021,1,1,15.3,390,0.062,27.2
277,669,17.6200008,556977.129,4889918.652,2021,1,1,15.3,390,0.062,27.2
278,654,17.6399994,556992.1206,4889918.683,2021,1,1,15.3,390,0.062,27.2
279,655,17.5799999,556991.1259,4889918.787,2021,1,1,15.3,390,0.062,27.2
280,656,17.4699993,556990.128,4889918.817,2021,1,1,15.3,390,0.062,27.2
