OID_,Log_ID_txt,FileName,SceneTemperature,ImagerTemperatureC,GPSLatitude,GPSLongitude,GPSAltitude,keep
63,10792428,IMG_0086_6.tif,36.690000000000097,39.860009765625001,44.159618199999997,-122.292604499999996,492.880999999999972,n
88,2331257,IMG_0111_6.tif,36.930000000000000,39.659997558593801,44.156536199999998,-122.291759700000000,494.168999999999983,maybe
103,10862875a,IMG_0126_6.tif,33.270000000000003,39.309991455078098,44.159782999999997,-122.291755199999997,492.858999999999980,n
114,10862886,IMG_0137_6.tif,33.350000000000001,39.050012207031301,44.160348700000000,-122.290926400000004,493.449999999999989,y
116,10862876,IMG_0139_6.tif,35.710000000000001,38.999993896484398,44.159946499999997,-122.290926999999996,493.559000000000026,n
1,,IMG_0024_6.tif,37.570000000000100,45.510003662109398,44.159961600000003,-122.294672700000007,488.024999999999977,
2,,IMG_0025_6.tif,38.310000000000002,45.330010986328098,44.159992500000001,-122.294624299999995,489.648000000000025,
3,,IMG_0026_6.tif,38.190000000000097,45.110009765625001,44.160064599999998,-122.294515500000003,490.379000000000019,
4,,IMG_0027_6.tif,41.049999999999997,44.969995117187501,44.160063899999997,-122.294520300000002,490.685000000000002,
5,,IMG_0028_6.tif,30.230000000000000,44.749993896484398,44.159887699999999,-122.294471599999994,491.372999999999990,
6,,IMG_0029_6.tif,30.390000000000001,44.629998779296898,44.159747799999998,-122.294434100000004,491.648000000000025,
7,,IMG_0030_6.tif,30.309999999999999,44.439996337890598,44.159495800000002,-122.294362199999995,492.084000000000003,
8,,IMG_0031_6.tif,37.390000000000001,44.279992675781301,44.159283899999998,-122.294300000000007,492.649000000000001,
9,,IMG_0032_6.tif,37.170000000000002,44.100000000000001,44.159192599999997,-122.294278300000002,492.759000000000015,
10,,IMG_0033_6.tif,30.870000000000001,43.959985351562501,44.159184000000003,-122.294277300000005,492.687999999999988,
11,,IMG_0034_6.tif,36.930000000000000,43.830010986328098,44.159020599999998,-122.294272899999996,493.355999999999995,
12,,IMG_0035_6.tif,36.770000000000003,43.719995117187501,44.158833100000003,-122.294278100000000,493.254999999999995,
13,,IMG_0036_6.tif,37.930000000000000,43.600000000000001,44.158617300000003,-122.294275799999994,493.387999999999977,
14,,IMG_0037_6.tif,37.350000000000001,43.469995117187501,44.158372900000003,-122.294272899999996,493.504999999999995,
15,,IMG_0038_6.tif,37.190000000000097,43.360009765625001,44.158084400000000,-122.294270900000001,493.435999999999979,
16,,IMG_0039_6.tif,38.030000000000001,43.339990234375001,44.157968699999998,-122.294270900000001,493.413000000000011,
17,,IMG_0040_6.tif,37.829999999999998,43.189996337890598,44.157752799999997,-122.294271499999994,493.338999999999999,
18,,IMG_0041_6.tif,37.350000000000001,43.080010986328098,44.157536899999997,-122.294272800000002,493.041999999999973,
19,,IMG_0042_6.tif,35.869999999999997,42.969995117187501,44.157306200000001,-122.294275099999993,492.593000000000018,
20,,IMG_0043_6.tif,37.149999999999999,42.830010986328098,44.157047499999997,-122.294274799999997,492.661999999999978,
21,,IMG_0044_6.tif,37.909999999999997,42.740014648437501,44.156889200000002,-122.294276499999995,492.685000000000002,
22,,IMG_0045_6.tif,38.270000000000003,42.600000000000001,44.156601799999997,-122.294276400000001,492.781000000000006,
23,,IMG_0046_6.tif,38.469999999999999,42.520013427734398,44.156472200000003,-122.294276699999998,492.668000000000006,
24,,IMG_0047_6.tif,38.210000000000001,42.399987792968801,44.156241299999998,-122.294273300000000,492.531000000000006,
25,,IMG_0048_6.tif,39.070000000000100,42.300012207031301,44.156032199999999,-122.294272100000001,492.778999999999996,
26,,IMG_0049_6.tif,38.450000000000003,42.189996337890598,44.156025600000000,-122.294271400000000,492.524999999999977,
27,,IMG_0050_6.tif,38.469999999999999,42.110009765625001,44.156023699999999,-122.294246000000001,492.543999999999983,
28,,IMG_0051_6.tif,39.070000000000100,42.020013427734398,44.156022100000001,-122.293895800000001,492.862000000000023,
29,,IMG_0052_6.tif,38.710000000000001,41.950006103515598,44.156022000000000,-122.293676700000006,493.117000000000019,
30,,IMG_0053_6.tif,38.950000000000003,41.839990234375001,44.156022399999998,-122.293437100000006,493.439999999999998,
31,,IMG_0054_6.tif,38.969999999999999,41.749993896484398,44.156025800000002,-122.293443499999995,493.223999999999990,
32,,IMG_0055_6.tif,38.630000000000102,41.670007324218801,44.156169800000001,-122.293437699999998,493.216999999999985,
33,,IMG_0056_6.tif,35.590000000000003,41.600000000000001,44.156358900000001,-122.293436099999994,493.360000000000014,
34,,IMG_0057_6.tif,34.090000000000003,41.490014648437501,44.156633800000002,-122.293433300000004,493.574999999999989,
35,,IMG_0058_6.tif,36.329999999999998,41.429986572265598,44.156792500000002,-122.293431100000006,493.649000000000001,
36,,IMG_0059_6.tif,37.170000000000002,41.339990234375001,44.157109100000000,-122.293431299999995,493.685999999999979,
37,,IMG_0060_6.tif,36.390000000000001,41.379998779296898,44.157239799999999,-122.293431999999996,493.584999999999980,
38,,IMG_0061_6.tif,35.570000000000100,41.279992675781301,44.157454899999998,-122.293426800000006,493.629000000000019,
39,,IMG_0062_6.tif,34.450000000000003,41.200006103515598,44.157730999999998,-122.293428199999994,493.697000000000003,
40,,IMG_0063_6.tif,35.710000000000001,41.149987792968801,44.157888999999997,-122.293428399999996,493.821000000000026,
41,,IMG_0064_6.tif,37.750000000000099,41.080010986328098,44.158104000000002,-122.293430599999994,493.079999999999984,
42,,IMG_0065_6.tif,37.950000000000003,41.010003662109398,44.158290899999997,-122.293431400000003,493.257000000000005,
43,,IMG_0066_6.tif,37.549999999999997,40.939996337890598,44.158534600000003,-122.293428800000001,492.994000000000028,
44,,IMG_0067_6.tif,34.829999999999998,40.860009765625001,44.158752100000001,-122.293427699999995,493.410000000000025,
45,,IMG_0068_6.tif,37.509999999999998,40.790002441406301,44.159013100000003,-122.293427399999999,493.636000000000024,
46,,IMG_0069_6.tif,35.469999999999999,40.740014648437501,44.159186699999999,-122.293430200000003,493.483999999999980,
47,,IMG_0070_6.tif,29.510000000000002,40.679986572265598,44.159418700000003,-122.293434399999995,493.428999999999974,
48,,IMG_0071_6.tif,31.649999999999999,40.589990234375001,44.159678499999998,-122.293433699999994,493.286000000000001,
49,,IMG_0072_6.tif,41.270000000000003,40.570001220703098,44.159808900000002,-122.293436200000002,492.963000000000022,
50,,IMG_0073_6.tif,43.609999999999999,40.480004882812501,44.160097800000003,-122.293433199999996,492.822000000000003,
51,,IMG_0074_6.tif,36.409999999999997,40.439996337890598,44.160255599999999,-122.293432600000003,492.802000000000021,
52,,IMG_0075_6.tif,43.509999999999998,40.379998779296898,44.160520200000001,-122.293429200000006,493.115000000000009,
53,,IMG_0076_6.tif,38.450000000000003,40.330010986328098,44.160550399999998,-122.293429300000000,492.574999999999989,
54,,IMG_0077_6.tif,38.350000000000001,40.290002441406301,44.160548100000000,-122.293426800000006,492.459999999999980,
55,,IMG_0078_6.tif,38.049999999999997,40.230004882812501,44.160550200000003,-122.293154700000002,492.939000000000021,
56,,IMG_0079_6.tif,37.770000000000003,40.159997558593801,44.160553200000003,-122.292895700000003,493.499000000000024,
57,,IMG_0080_6.tif,36.570000000000100,40.119989013671898,44.160554400000002,-122.292648700000001,493.757000000000005,
58,,IMG_0081_6.tif,30.609999999999999,40.059991455078098,44.160553600000000,-122.292607599999997,493.384000000000015,
59,,IMG_0082_6.tif,38.590000000000003,40.010003662109398,44.160444300000002,-122.292604499999996,493.100000000000023,
60,,IMG_0083_6.tif,29.390000000000001,39.969995117187501,44.160251199999998,-122.292602900000006,493.098999999999990,
61,,IMG_0084_6.tif,31.390000000000001,39.929986572265598,44.160036099999999,-122.292600300000004,493.221000000000004,
62,,IMG_0085_6.tif,31.870000000000001,39.890008544921898,44.159761799999998,-122.292607099999998,492.990000000000009,
64,,IMG_0087_6.tif,37.170000000000002,39.830010986328098,44.159341800000000,-122.292602000000002,492.896000000000015,
65,,IMG_0088_6.tif,37.109999999999999,39.809991455078098,44.159154100000002,-122.292601700000006,492.923000000000002,
66,,IMG_0089_6.tif,36.909999999999997,39.800012207031301,44.158951999999999,-122.292602799999997,493.033000000000015,
67,,IMG_0090_6.tif,38.210000000000001,39.800012207031301,44.158751899999999,-122.292603999999997,492.978999999999985,
68,,IMG_0091_6.tif,37.690000000000097,39.779992675781301,44.158522200000000,-122.292604499999996,493.059000000000026,
69,,IMG_0092_6.tif,38.190000000000097,39.770013427734398,44.158304899999997,-122.292605100000003,493.127000000000010,
70,,IMG_0093_6.tif,37.909999999999997,39.760003662109398,44.158073700000003,-122.292606100000000,493.120999999999981,
71,,IMG_0094_6.tif,38.009999999999998,39.779992675781301,44.157886300000001,-122.292604999999995,493.139000000000010,
72,,IMG_0095_6.tif,38.070000000000100,39.779992675781301,44.157656400000000,-122.292603700000001,493.252000000000010,
73,,IMG_0096_6.tif,38.329999999999998,39.770013427734398,44.157498400000001,-122.292602700000003,493.314999999999998,
74,,IMG_0097_6.tif,37.770000000000003,39.760003662109398,44.157181100000003,-122.292598600000005,493.413999999999987,
75,,IMG_0098_6.tif,37.210000000000001,39.779992675781301,44.157021999999998,-122.292597299999997,493.562999999999988,
76,,IMG_0099_6.tif,37.170000000000002,39.770013427734398,44.156792199999998,-122.292599100000004,493.401000000000010,
77,,IMG_0100_6.tif,33.829999999999998,39.770013427734398,44.156604999999999,-122.292600699999994,492.961999999999989,
78,,IMG_0101_6.tif,35.409999999999997,39.760003662109398,44.156347599999997,-122.292597200000003,493.228000000000009,
79,,IMG_0102_6.tif,38.009999999999998,39.770013427734398,44.156160800000002,-122.292597999999998,493.401999999999987,
80,,IMG_0103_6.tif,37.810000000000002,39.770013427734398,44.156029900000000,-122.292599100000004,493.233999999999980,
81,,IMG_0104_6.tif,38.390000000000001,39.770013427734398,44.156033000000001,-122.292586799999995,493.189000000000021,
82,,IMG_0105_6.tif,36.649999999999999,39.770013427734398,44.156030000000001,-122.292343700000004,493.403999999999996,
83,,IMG_0106_6.tif,36.390000000000001,39.770013427734398,44.156031100000000,-122.292083800000000,493.619000000000028,
84,,IMG_0107_6.tif,38.649999999999999,39.749993896484398,44.156030399999999,-122.291768200000007,494.017999999999972,
85,,IMG_0108_6.tif,36.770000000000003,39.740014648437501,44.156034699999999,-122.291766499999994,493.848999999999990,
86,,IMG_0109_6.tif,36.750000000000099,39.709985351562501,44.156110800000000,-122.291760600000003,493.812999999999988,
87,,IMG_0110_6.tif,34.130000000000102,39.670007324218801,44.156293599999998,-122.291760999999994,494.108000000000004,
89,,IMG_0112_6.tif,37.490000000000002,39.610009765625001,44.156737600000000,-122.291758400000006,494.230000000000018,
90,,IMG_0113_6.tif,37.649999999999999,39.580010986328098,44.156955300000000,-122.291759400000004,494.343999999999994,
91,,IMG_0114_6.tif,38.450000000000003,39.529992675781301,44.157186600000003,-122.291757599999997,494.365000000000009,
92,,IMG_0115_6.tif,38.509999999999998,39.490014648437501,44.157330799999997,-122.291757200000006,494.153000000000020,
93,,IMG_0116_6.tif,37.630000000000102,39.469995117187501,44.157604399999997,-122.291757799999999,493.971999999999980,
94,,IMG_0117_6.tif,37.829999999999998,39.420007324218801,44.157849499999998,-122.291756699999993,493.968999999999994,
95,,IMG_0118_6.tif,37.770000000000003,39.390008544921898,44.158079899999997,-122.291755800000004,493.886000000000024,
96,,IMG_0119_6.tif,37.690000000000097,39.339990234375001,44.158238500000003,-122.291756699999993,493.915000000000020,
97,,IMG_0120_6.tif,37.270000000000003,39.309991455078098,44.158571000000002,-122.291754400000002,493.745000000000005,
98,,IMG_0121_6.tif,38.350000000000001,39.390008544921898,44.158716599999998,-122.291755300000005,493.723000000000013,
99,,IMG_0122_6.tif,38.549999999999997,39.360009765625001,44.158916699999999,-122.291755400000000,493.435000000000002,
100,,IMG_0123_6.tif,35.930000000000000,39.339990234375001,44.159134600000002,-122.291758200000004,493.334999999999980,
101,,IMG_0124_6.tif,36.310000000000002,39.350000000000001,44.159350099999997,-122.291752900000006,493.031999999999982,
102,,IMG_0125_6.tif,32.030000000000001,39.330010986328098,44.159566699999999,-122.291753299999996,493.110999999999990,
104,,IMG_0127_6.tif,36.090000000000003,39.290002441406301,44.159985200000001,-122.291755100000003,493.060999999999979,
105,,IMG_0128_6.tif,30.350000000000001,39.279992675781301,44.160201600000001,-122.291755899999998,493.175999999999988,
106,,IMG_0129_6.tif,29.170000000000002,39.249993896484398,44.160445899999999,-122.291754100000006,493.382000000000005,
107,,IMG_0130_6.tif,39.090000000000003,39.219995117187501,44.160560799999999,-122.291758000000002,492.951999999999998,
108,,IMG_0131_6.tif,36.369999999999997,39.189996337890598,44.160554800000000,-122.291760900000000,492.653000000000020,
109,,IMG_0132_6.tif,30.770000000000000,39.170007324218801,44.160557300000001,-122.291615199999995,493.076999999999998,
110,,IMG_0133_6.tif,36.810000000000002,39.149987792968801,44.160561399999999,-122.291345300000003,493.300999999999988,
111,,IMG_0134_6.tif,36.990000000000002,39.129998779296898,44.160560599999997,-122.291066599999994,493.370999999999981,
112,,IMG_0135_6.tif,37.329999999999998,39.100000000000001,44.160560099999998,-122.290926400000004,493.206000000000017,
113,,IMG_0136_6.tif,36.810000000000002,39.080010986328098,44.160546400000001,-122.290928899999997,493.136000000000024,
115,,IMG_0138_6.tif,33.289999999999999,39.029992675781301,44.160163200000000,-122.290928800000003,493.367000000000019,
117,,IMG_0140_6.tif,36.789999999999999,38.990014648437501,44.159728299999998,-122.290930200000005,492.963000000000022,
118,,IMG_0141_6.tif,37.549999999999997,38.959985351562501,44.159497100000003,-122.290929599999998,492.980999999999995,
119,,IMG_0142_6.tif,37.170000000000002,38.950006103515598,44.159279699999999,-122.290929300000002,493.023000000000025,
120,,IMG_0143_6.tif,37.850000000000001,38.939996337890598,44.159063000000003,-122.290928100000002,493.216999999999985,
121,,IMG_0144_6.tif,38.270000000000003,38.950006103515598,44.158860099999998,-122.290926499999998,493.250999999999976,
122,,IMG_0145_6.tif,38.149999999999999,38.959985351562501,44.158641299999999,-122.290926200000001,493.324999999999989,
123,,IMG_0146_6.tif,37.789999999999999,38.950006103515598,44.158410099999998,-122.290925700000003,493.473999999999990,
124,,IMG_0147_6.tif,37.289999999999999,38.950006103515598,44.158208899999998,-122.290924500000003,493.495000000000005,
125,,IMG_0148_6.tif,37.329999999999998,38.950006103515598,44.157993200000000,-122.290923300000003,493.685999999999979,
126,,IMG_0149_6.tif,37.810000000000002,38.939996337890598,44.157719200000003,-122.290925299999998,493.283999999999992,
127,,IMG_0150_6.tif,38.049999999999997,38.950006103515598,44.157532500000002,-122.290922199999997,493.386000000000024,
128,,IMG_0151_6.tif,36.649999999999999,38.950006103515598,44.157315799999999,-122.290922899999998,493.206000000000017,
129,,IMG_0152_6.tif,34.210000000000001,38.929986572265598,44.157129300000001,-122.290923899999996,493.163000000000011,
130,,IMG_0153_6.tif,32.310000000000002,38.939996337890598,44.156913000000003,-122.290922899999998,493.026000000000010,
131,,IMG_0154_6.tif,37.729999999999997,38.939996337890598,44.156756100000003,-122.290923000000006,492.968999999999994,
132,,IMG_0155_6.tif,37.969999999999999,38.920007324218801,44.156469000000001,-122.290923100000001,492.973000000000013,
133,,IMG_0156_6.tif,37.990000000000002,38.920007324218801,44.156224799999997,-122.290924300000000,492.889999999999986,
134,,IMG_0157_6.tif,36.570000000000100,38.920007324218801,44.156038400000000,-122.290928699999995,492.853999999999985,
135,,IMG_0158_6.tif,36.350000000000001,38.920007324218801,44.156039499999999,-122.290924500000003,492.821000000000026,
136,,IMG_0159_6.tif,37.869999999999997,38.920007324218801,44.156038400000000,-122.290899100000004,493.014999999999986,
137,,IMG_0160_6.tif,37.810000000000002,38.929986572265598,44.156038000000002,-122.290565900000004,493.197000000000003,
138,,IMG_0161_6.tif,38.430000000000000,38.929986572265598,44.156037800000000,-122.290289000000001,493.463999999999999,
139,,IMG_0162_6.tif,38.130000000000102,38.920007324218801,44.156037200000000,-122.290084300000004,493.778000000000020,
140,,IMG_0163_6.tif,37.930000000000000,38.899987792968801,44.156044899999998,-122.290090199999995,493.255999999999972,
141,,IMG_0164_6.tif,37.869999999999997,38.890008544921898,44.156182000000001,-122.290085099999999,493.423999999999978,
142,,IMG_0165_6.tif,36.409999999999997,38.860009765625001,44.156427200000003,-122.290080300000000,493.942000000000007,
143,,IMG_0166_6.tif,36.530000000000001,38.809991455078098,44.156685199999998,-122.290081799999996,493.675000000000011,
144,,IMG_0167_6.tif,37.490000000000002,38.800012207031301,44.156799999999997,-122.290081200000003,493.663999999999987,
145,,IMG_0168_6.tif,37.549999999999997,38.770013427734398,44.157060700000002,-122.290080099999997,493.660000000000025,
146,,IMG_0169_6.tif,35.549999999999997,38.760003662109398,44.157247300000002,-122.290080000000003,493.581000000000017,
147,,IMG_0170_6.tif,37.049999999999997,38.730004882812501,44.157447400000002,-122.290079199999994,493.346999999999980,
148,,IMG_0171_6.tif,37.190000000000097,38.689996337890598,44.157722700000001,-122.290080200000006,493.415999999999997,
149,,IMG_0172_6.tif,36.149999999999999,38.659997558593801,44.157896700000002,-122.290079700000007,493.254000000000019,
150,,IMG_0173_6.tif,36.430000000000000,38.629998779296898,44.158098699999996,-122.290079500000004,493.288999999999987,
151,,IMG_0174_6.tif,37.729999999999997,38.600000000000001,44.158358200000002,-122.290076799999994,492.997999999999990,
159,10360382,IMG_0182_6.tif,34.009999999999998,38.429986572265598,44.160012999999999,-122.290075999999999,492.968999999999994,n
164,10862878,IMG_0187_6.tif,32.530000000000001,38.339990234375001,44.160554599999998,-122.289839999999998,492.571000000000026,y
211,10360378,IMG_0234_6.tif,32.890000000000001,38.350000000000001,44.159545899999998,-122.288396899999995,492.975000000000023,y
213,10524511,IMG_0236_6.tif,34.190000000000097,38.300012207031301,44.159979000000000,-122.288400100000004,492.742000000000019,y
152,,IMG_0175_6.tif,37.630000000000102,38.580010986328098,44.158546000000001,-122.290077600000004,492.884000000000015,
153,,IMG_0176_6.tif,37.289999999999999,38.559991455078098,44.158748099999997,-122.290076400000004,493.014999999999986,
154,,IMG_0177_6.tif,37.250000000000099,38.520013427734398,44.159019499999999,-122.290076400000004,492.733999999999980,
155,,IMG_0178_6.tif,36.210000000000001,38.499993896484398,44.159221000000002,-122.290076600000006,492.745999999999981,
156,,IMG_0179_6.tif,36.990000000000002,38.480004882812501,44.159421700000003,-122.290075900000005,492.870999999999981,
157,,IMG_0180_6.tif,35.969999999999999,38.459985351562501,44.159594599999998,-122.290076099999993,492.930000000000007,
158,,IMG_0181_6.tif,33.049999999999997,38.439996337890598,44.159838999999998,-122.290078399999999,492.927000000000021,
160,,IMG_0183_6.tif,33.009999999999998,38.409997558593801,44.160284699999998,-122.290077299999993,492.975999999999999,
161,,IMG_0184_6.tif,38.590000000000003,38.379998779296898,44.160513000000002,-122.290075700000003,493.262999999999977,
162,,IMG_0185_6.tif,34.950000000000003,38.369989013671898,44.160554400000002,-122.290077900000000,492.714999999999975,
163,,IMG_0186_6.tif,36.729999999999997,38.339990234375001,44.160552600000003,-122.290059200000002,492.500999999999976,
165,,IMG_0188_6.tif,34.070000000000100,38.330010986328098,44.160557099999998,-122.289556500000003,492.730000000000018,
166,,IMG_0189_6.tif,42.009999999999998,38.309991455078098,44.160560099999998,-122.289244999999994,493.321000000000026,
167,,IMG_0190_6.tif,31.910000000000000,38.300012207031301,44.160560900000000,-122.289248400000005,493.230999999999995,
168,,IMG_0191_6.tif,33.229999999999997,38.290002441406301,44.160381899999997,-122.289243799999994,493.196000000000026,
169,,IMG_0192_6.tif,33.710000000000001,38.270013427734398,44.160239900000001,-122.289244900000000,493.079000000000008,
170,,IMG_0193_6.tif,36.170000000000002,38.240014648437501,44.159980900000001,-122.289247700000004,493.211999999999989,
171,,IMG_0194_6.tif,34.390000000000001,38.219995117187501,44.159779700000001,-122.289249699999999,492.911000000000001,
172,,IMG_0195_6.tif,35.289999999999999,38.230004882812501,44.159605999999997,-122.289247799999998,493.117999999999995,
173,,IMG_0196_6.tif,34.289999999999999,38.209985351562501,44.159433900000003,-122.289249400000003,493.048000000000002,
174,,IMG_0197_6.tif,32.170000000000002,38.209985351562501,44.159159500000001,-122.289252300000001,492.863000000000000,
175,,IMG_0198_6.tif,31.870000000000001,38.209985351562501,44.158972100000000,-122.289251800000002,492.891999999999996,
176,,IMG_0199_6.tif,32.329999999999998,38.219995117187501,44.158684000000001,-122.289249299999994,492.658000000000015,
177,,IMG_0200_6.tif,32.890000000000001,38.219995117187501,44.158511500000003,-122.289246899999995,492.644000000000005,
178,,IMG_0201_6.tif,32.609999999999999,38.240014648437501,44.158264000000003,-122.289245800000003,492.670000000000016,
179,,IMG_0202_6.tif,34.789999999999999,38.260003662109398,44.158035400000003,-122.289246000000006,492.622000000000014,
180,,IMG_0203_6.tif,36.750000000000099,38.270013427734398,44.157819000000003,-122.289244199999999,492.689999999999998,
181,,IMG_0204_6.tif,36.869999999999997,38.290002441406301,44.157602900000001,-122.289244400000001,492.624000000000024,
182,,IMG_0205_6.tif,37.229999999999997,38.320001220703098,44.157443499999999,-122.289243999999997,492.533999999999992,
183,,IMG_0206_6.tif,37.770000000000003,38.330010986328098,44.157243200000003,-122.289244800000006,492.572999999999979,
184,,IMG_0207_6.tif,38.350000000000001,38.379998779296898,44.156956200000003,-122.289246800000001,492.562999999999988,
185,,IMG_0208_6.tif,37.630000000000102,38.399987792968801,44.156754700000000,-122.289246300000002,492.545000000000016,
186,,IMG_0209_6.tif,37.570000000000100,38.409997558593801,44.156580300000002,-122.289245800000003,492.384000000000015,
187,,IMG_0210_6.tif,36.969999999999999,38.450006103515598,44.156322199999998,-122.289246300000002,492.557000000000016,
188,,IMG_0211_6.tif,37.950000000000003,38.459985351562501,44.156136099999998,-122.289247399999994,492.538000000000011,
189,,IMG_0212_6.tif,37.770000000000003,38.469995117187501,44.156039399999997,-122.289249799999993,492.427000000000021,
190,,IMG_0213_6.tif,37.649999999999999,38.499993896484398,44.156043599999997,-122.289244600000004,492.216000000000008,
191,,IMG_0214_6.tif,37.909999999999997,38.520013427734398,44.156041999999999,-122.289062999999999,492.204999999999984,
192,,IMG_0215_6.tif,37.789999999999999,38.540002441406301,44.156042499999998,-122.288698900000000,492.555999999999983,
193,,IMG_0216_6.tif,37.409999999999997,38.540002441406301,44.156043699999998,-122.288422199999999,493.067000000000007,
194,,IMG_0217_6.tif,36.229999999999997,38.550012207031301,44.156046199999999,-122.288413000000006,492.716000000000008,
195,,IMG_0218_6.tif,37.750000000000099,38.550012207031301,44.156063000000003,-122.288412399999999,492.221999999999980,
196,,IMG_0219_6.tif,36.509999999999998,38.529992675781301,44.156368600000000,-122.288404400000005,492.862000000000023,
197,,IMG_0220_6.tif,37.469999999999999,38.520013427734398,44.156511799999997,-122.288404000000000,492.915000000000020,
198,,IMG_0221_6.tif,37.250000000000099,38.629998779296898,44.156799399999997,-122.288402800000000,493.315999999999974,
199,,IMG_0222_6.tif,37.130000000000102,38.610009765625001,44.156943300000002,-122.288401300000004,493.382000000000005,
200,,IMG_0223_6.tif,36.270000000000003,38.610009765625001,44.157158699999997,-122.288400800000005,493.480000000000018,
201,,IMG_0224_6.tif,37.789999999999999,38.600000000000001,44.157417000000002,-122.288398599999994,493.389000000000010,
202,,IMG_0225_6.tif,37.350000000000001,38.600000000000001,44.157647799999999,-122.288399299999995,493.238999999999976,
203,,IMG_0226_6.tif,37.609999999999999,38.580010986328098,44.157806700000002,-122.288399200000001,493.310000000000002,
204,,IMG_0227_6.tif,36.869999999999997,38.559991455078098,44.158083099999999,-122.288400300000006,493.595000000000027,
205,,IMG_0228_6.tif,36.509999999999998,38.550012207031301,44.158241699999998,-122.288401800000003,493.651999999999987,
206,,IMG_0229_6.tif,36.130000000000102,38.520013427734398,44.158472699999997,-122.288405200000000,493.588000000000022,
207,,IMG_0230_6.tif,33.729999999999997,38.480004882812501,44.158645600000000,-122.288404799999995,493.644000000000005,
208,,IMG_0231_6.tif,32.869999999999997,38.450006103515598,44.158903899999999,-122.288402099999999,493.586000000000013,
209,,IMG_0232_6.tif,32.990000000000002,38.409997558593801,44.159101700000001,-122.288400100000004,493.081999999999994,
210,,IMG_0233_6.tif,30.930000000000000,38.369989013671898,44.159316300000000,-122.288395300000005,493.014000000000010,
212,,IMG_0235_6.tif,34.469999999999999,38.320001220703098,44.159775699999997,-122.288398299999997,492.790000000000020,
214,,IMG_0237_6.tif,37.570000000000100,38.270013427734398,44.160195199999997,-122.288398999999998,493.031000000000006,
215,,IMG_0238_6.tif,43.890000000000001,38.230004882812501,44.160427800000001,-122.288401600000000,493.273000000000025,
216,,IMG_0239_6.tif,38.430000000000000,38.219995117187501,44.160562100000000,-122.288404200000002,493.052000000000021,
217,,IMG_0240_6.tif,39.030000000000001,38.200006103515598,44.160556700000001,-122.288399699999999,492.557000000000016,
218,,IMG_0241_6.tif,41.930000000000000,38.170007324218801,44.160558199999997,-122.288261500000004,492.497999999999990,
219,,IMG_0242_6.tif,45.509999999999998,38.149987792968801,44.160559499999998,-122.287988900000002,492.773000000000025,
220,,IMG_0243_6.tif,44.049999999999997,38.129998779296898,44.160559100000000,-122.287731500000007,493.269000000000005,
221,,IMG_0244_6.tif,43.810000000000002,38.100000000000001,44.160560900000000,-122.287571499999999,493.057999999999993,
222,,IMG_0245_6.tif,39.570000000000100,38.089990234375001,44.160555299999999,-122.287571000000000,492.764000000000010,
223,,IMG_0246_6.tif,31.010000000000002,38.080010986328098,44.160363699999998,-122.287569700000006,492.668000000000006,
224,,IMG_0247_6.tif,31.850000000000001,38.059991455078098,44.160163200000000,-122.287570200000005,492.473000000000013,
225,,IMG_0248_6.tif,33.469999999999999,38.050012207031301,44.159961699999997,-122.287570500000001,492.533000000000015,
226,,IMG_0249_6.tif,31.309999999999999,38.070001220703098,44.159703399999998,-122.287574199999995,492.774000000000001,
227,,IMG_0250_6.tif,31.850000000000001,38.059991455078098,44.159558400000002,-122.287572900000001,492.812000000000012,
228,,IMG_0251_6.tif,34.690000000000097,38.080010986328098,44.159312700000001,-122.287575599999997,493.029999999999973,
229,,IMG_0252_6.tif,32.909999999999997,38.100000000000001,44.159067299999997,-122.287573899999998,493.288000000000011,
230,,IMG_0253_6.tif,37.109999999999999,38.100000000000001,44.158849099999998,-122.287569700000006,493.398000000000025,
231,,IMG_0254_6.tif,36.270000000000003,38.129998779296898,44.158618199999999,-122.287568800000003,493.507000000000005,
232,,IMG_0255_6.tif,36.270000000000003,38.149987792968801,44.158372800000002,-122.287569300000001,493.475999999999999,
233,,IMG_0256_6.tif,36.869999999999997,38.159997558593801,44.158214700000002,-122.287571200000002,493.410000000000025,
234,,IMG_0257_6.tif,37.590000000000003,38.179986572265598,44.158058500000003,-122.287574500000005,493.163000000000011,
235,,IMG_0258_6.tif,37.590000000000003,38.189996337890598,44.157799099999998,-122.287575700000005,493.197000000000003,
236,,IMG_0259_6.tif,36.990000000000002,38.209985351562501,44.157553900000003,-122.287576700000002,493.305000000000007,
237,,IMG_0260_6.tif,37.810000000000002,38.209985351562501,44.157336299999997,-122.287572299999994,493.442000000000007,
238,,IMG_0261_6.tif,37.270000000000003,38.209985351562501,44.157148700000000,-122.287570400000007,493.348999999999990,
239,,IMG_0262_6.tif,37.130000000000102,38.219995117187501,44.156917800000002,-122.287574599999999,493.000000000000000,
240,,IMG_0263_6.tif,37.390000000000001,38.219995117187501,44.156659099999999,-122.287574599999999,492.959999999999980,
241,,IMG_0264_6.tif,37.450000000000003,38.219995117187501,44.156472600000001,-122.287573600000002,492.975000000000023,
242,,IMG_0265_6.tif,35.009999999999998,38.209985351562501,44.156285099999998,-122.287572499999996,493.033999999999992,
243,,IMG_0266_6.tif,37.750000000000099,38.230004882812501,44.156046300000000,-122.287570799999997,492.964999999999975,
244,,IMG_0267_6.tif,37.670000000000002,38.240014648437501,44.156039000000000,-122.287571000000000,492.605999999999995,
245,,IMG_0268_6.tif,37.109999999999999,38.260003662109398,44.156036499999999,-122.287499800000006,492.483000000000004,
246,,IMG_0269_6.tif,36.990000000000002,38.260003662109398,44.156036899999997,-122.287235199999998,492.437999999999988,
247,,IMG_0270_6.tif,36.469999999999999,38.279992675781301,44.156035400000000,-122.286897699999997,492.802999999999997,
248,,IMG_0271_6.tif,38.070000000000100,38.279992675781301,44.156036100000001,-122.286732799999996,492.675000000000011,
249,,IMG_0272_6.tif,37.310000000000002,38.270013427734398,44.156068900000001,-122.286735500000006,492.125000000000000,
250,,IMG_0273_6.tif,38.130000000000102,38.260003662109398,44.156217099999999,-122.286732700000002,492.177999999999997,
251,,IMG_0274_6.tif,37.210000000000001,38.260003662109398,44.156349599999999,-122.286731200000006,492.358999999999980,
252,,IMG_0275_6.tif,37.310000000000002,38.230004882812501,44.156650700000000,-122.286727400000004,492.608000000000004,
253,,IMG_0276_6.tif,36.789999999999999,38.219995117187501,44.156852499999999,-122.286728600000004,492.747999999999990,
254,,IMG_0277_6.tif,36.590000000000003,38.200006103515598,44.157095800000000,-122.286726200000004,492.437999999999988,
255,,IMG_0278_6.tif,37.149999999999999,38.189996337890598,44.157269300000003,-122.286724500000005,492.548999999999978,
256,,IMG_0279_6.tif,37.270000000000003,38.159997558593801,44.157486200000001,-122.286722200000000,492.684000000000026,
257,,IMG_0280_6.tif,33.789999999999999,38.119989013671898,44.157674100000001,-122.286722800000007,492.687999999999988,
258,,IMG_0281_6.tif,37.469999999999999,38.110009765625001,44.157944800000003,-122.286722100000006,492.384000000000015,
259,,IMG_0282_6.tif,34.950000000000003,38.089990234375001,44.158146899999998,-122.286721700000001,492.423999999999978,
260,,IMG_0283_6.tif,35.009999999999998,38.059991455078098,44.158350900000002,-122.286726000000002,492.610999999999990,
261,,IMG_0284_6.tif,35.149999999999999,38.040002441406301,44.158597700000001,-122.286725300000001,492.694999999999993,
262,,IMG_0285_6.tif,34.729999999999997,38.010003662109398,44.158756199999999,-122.286724899999996,492.523000000000025,
263,,IMG_0286_6.tif,31.530000000000001,37.999993896484398,44.159000499999998,-122.286726299999998,492.610999999999990,
264,,IMG_0287_6.tif,31.809999999999999,37.980004882812501,44.159216000000001,-122.286725300000001,492.464999999999975,
265,,IMG_0288_6.tif,32.030000000000001,37.959985351562501,44.159374499999998,-122.286724899999996,492.682999999999993,
266,,IMG_0289_6.tif,33.250000000000099,37.929986572265598,44.159661399999997,-122.286721999999997,493.045999999999992,
267,,IMG_0290_6.tif,31.070000000000100,37.920007324218801,44.159877100000003,-122.286720099999997,493.226999999999975,
268,,IMG_0291_6.tif,30.989999999999998,37.899987792968801,44.160106100000000,-122.286720299999999,493.196000000000026,
269,,IMG_0292_6.tif,37.789999999999999,37.879998779296898,44.160322200000003,-122.286720099999997,493.112000000000023,
270,,IMG_0293_6.tif,37.710000000000001,37.879998779296898,44.160525999999997,-122.286719899999994,493.036999999999978,
271,,IMG_0294_6.tif,38.090000000000003,37.890008544921898,44.160552600000003,-122.286718300000004,492.475000000000023,
272,,IMG_0295_6.tif,37.090000000000003,37.879998779296898,44.160550499999999,-122.286711299999993,492.471999999999980,
273,,IMG_0296_6.tif,36.690000000000097,37.879998779296898,44.160553000000000,-122.286469199999999,492.509999999999991,
274,,IMG_0297_6.tif,36.570000000000100,37.879998779296898,44.160556900000003,-122.286190300000001,492.680999999999983,
275,,IMG_0298_6.tif,37.130000000000102,37.869989013671898,44.160558199999997,-122.285900699999999,493.153000000000020,
276,,IMG_0299_6.tif,37.690000000000097,37.860009765625001,44.160558500000000,-122.285896399999999,493.014000000000010,
277,,IMG_0300_6.tif,36.670000000000002,37.860009765625001,44.160481799999999,-122.285891300000003,492.901999999999987,
278,,IMG_0301_6.tif,32.390000000000001,37.860009765625001,44.160260200000003,-122.285896800000003,492.790999999999997,
279,,IMG_0302_6.tif,32.969999999999999,37.850000000000001,44.160048699999997,-122.285895699999998,493.107000000000028,
280,,IMG_0303_6.tif,32.270000000000003,37.860009765625001,44.159817599999997,-122.285889100000006,493.180000000000007,
281,,IMG_0304_6.tif,31.270000000000000,37.860009765625001,44.159630700000001,-122.285889400000002,493.252000000000010,
282,,IMG_0305_6.tif,33.829999999999998,37.869989013671898,44.159384500000002,-122.285892000000004,493.435000000000002,
283,,IMG_0306_6.tif,34.210000000000001,37.890008544921898,44.159168999999999,-122.285892099999998,493.466000000000008,
284,,IMG_0307_6.tif,34.909999999999997,37.920007324218801,44.158952399999997,-122.285889600000004,493.370000000000005,
285,,IMG_0308_6.tif,33.130000000000102,37.929986572265598,44.158766100000001,-122.285892899999993,493.026000000000010,
286,,IMG_0309_6.tif,32.789999999999999,37.950006103515598,44.158549899999997,-122.285891699999993,493.189999999999998,
287,,IMG_0310_6.tif,34.090000000000003,37.980004882812501,44.158318399999999,-122.285893599999994,493.165999999999997,
288,,IMG_0311_6.tif,37.289999999999999,38.010003662109398,44.158045000000001,-122.285894400000004,493.071000000000026,
289,,IMG_0312_6.tif,37.130000000000102,38.020013427734398,44.157915600000003,-122.285895999999994,493.057999999999993,
290,,IMG_0313_6.tif,37.430000000000000,38.050012207031301,44.157641699999999,-122.285895900000000,493.088000000000022,
291,,IMG_0314_6.tif,37.310000000000002,38.080010986328098,44.157483900000003,-122.285895600000003,493.108000000000004,
292,,IMG_0315_6.tif,36.890000000000001,38.100000000000001,44.157224300000003,-122.285894900000002,493.057999999999993,
293,,IMG_0316_6.tif,34.490000000000002,38.119989013671898,44.156994400000002,-122.285894900000002,493.110000000000014,
294,,IMG_0317_6.tif,36.770000000000003,38.140008544921898,44.156807499999999,-122.285894900000002,493.139999999999986,
295,,IMG_0318_6.tif,37.890000000000001,38.149987792968801,44.156604000000002,-122.285892399999994,493.363999999999976,
296,,IMG_0319_6.tif,37.490000000000002,38.179986572265598,44.156316799999999,-122.285893400000006,493.151000000000010,
297,,IMG_0320_6.tif,37.829999999999998,38.189996337890598,44.156187600000003,-122.285893700000003,493.100000000000023,
298,,IMG_0321_6.tif,37.090000000000003,38.360009765625001,44.156044000000001,-122.285892200000006,492.516999999999996,
299,,IMG_0322_6.tif,37.350000000000001,38.369989013671898,44.156043099999998,-122.285878199999999,492.319999999999993,
300,,IMG_0323_6.tif,37.630000000000102,38.399987792968801,44.156038899999999,-122.285598100000001,492.011000000000024,
301,,IMG_0324_6.tif,37.530000000000001,38.429986572265598,44.156040500000003,-122.285342400000005,492.110999999999990,
302,,IMG_0325_6.tif,38.210000000000001,38.459985351562501,44.156039200000002,-122.285063399999999,492.576000000000022,
317,10872720,IMG_0340_6.tif,34.570000000000100,38.170007324218801,44.158911699999997,-122.285045999999994,493.223000000000013,maybe
318,10360379,IMG_0341_6.tif,35.570000000000100,38.140008544921898,44.159097899999999,-122.285044700000000,493.007000000000005,n
333,10862923,IMG_0356_6.tif,40.310000000000002,37.950006103515598,44.160169000000003,-122.284216200000003,492.612000000000023,n
335,10862879,IMG_0358_6.tif,37.070000000000100,37.980004882812501,44.159678399999997,-122.284214599999999,493.146999999999991,y
336,10862915,IMG_0359_6.tif,32.990000000000002,37.980004882812501,44.159520800000003,-122.284216299999997,492.990000000000009,y
340,10862908,IMG_0363_6.tif,31.890000000000001,38.059991455078098,44.158611999999998,-122.284214199999994,493.615999999999985,n
341,10862924,IMG_0364_6.tif,32.450000000000003,38.080010986328098,44.158425100000002,-122.284211299999996,493.684000000000026,n
343,2331280a,IMG_0366_6.tif,33.549999999999997,38.119989013671898,44.158035400000003,-122.284213899999997,493.369000000000028,n
344,10792417,IMG_0367_6.tif,36.750000000000099,38.149987792968801,44.157747200000003,-122.284211900000003,493.105000000000018,n
303,,IMG_0326_6.tif,37.270000000000003,38.469995117187501,44.156040699999998,-122.285058399999997,492.278000000000020,
304,,IMG_0327_6.tif,37.289999999999999,38.490014648437501,44.156128099999997,-122.285055000000000,492.074000000000012,
305,,IMG_0328_6.tif,37.369999999999997,38.469995117187501,44.156337899999997,-122.285053199999993,492.459999999999980,
306,,IMG_0329_6.tif,36.690000000000097,38.469995117187501,44.156551700000001,-122.285049999999998,492.336999999999989,
307,,IMG_0330_6.tif,33.190000000000097,38.459985351562501,44.156753100000003,-122.285048900000007,492.444000000000017,
308,,IMG_0331_6.tif,38.549999999999997,38.450006103515598,44.156967899999998,-122.285045900000000,492.547000000000025,
309,,IMG_0332_6.tif,37.630000000000102,38.420007324218801,44.157184000000001,-122.285048500000002,492.701000000000022,
310,,IMG_0333_6.tif,36.670000000000002,38.399987792968801,44.157385400000003,-122.285049200000003,492.810000000000002,
311,,IMG_0334_6.tif,37.210000000000001,38.360009765625001,44.157600899999998,-122.285051800000005,492.853000000000009,
312,,IMG_0335_6.tif,36.829999999999998,38.330010986328098,44.157802300000000,-122.285049700000002,492.870999999999981,
313,,IMG_0336_6.tif,36.310000000000002,38.309991455078098,44.158061199999999,-122.285048099999997,493.100000000000023,
314,,IMG_0337_6.tif,32.030000000000001,38.249993896484398,44.158291900000002,-122.285047700000007,492.995999999999981,
315,,IMG_0338_6.tif,34.850000000000001,38.230004882812501,44.158450500000001,-122.285044200000002,493.045000000000016,
316,,IMG_0339_6.tif,32.549999999999997,38.209985351562501,44.158681399999999,-122.285043799999997,493.127000000000010,
319,,IMG_0342_6.tif,31.530000000000001,38.110009765625001,44.159343000000000,-122.285046399999999,492.956999999999994,
320,,IMG_0343_6.tif,31.149999999999999,38.100000000000001,44.159560200000001,-122.285051100000004,492.860999999999990,
321,,IMG_0344_6.tif,32.310000000000002,38.050012207031301,44.159819400000003,-122.285050699999999,492.903000000000020,
322,,IMG_0345_6.tif,33.729999999999997,38.020013427734398,44.160005699999999,-122.285053899999994,492.925999999999988,
323,,IMG_0346_6.tif,38.030000000000001,37.999993896484398,44.160190600000000,-122.285050299999995,492.701000000000022,
324,,IMG_0347_6.tif,36.930000000000000,37.980004882812501,44.160467599999997,-122.285046500000007,493.165999999999997,
325,,IMG_0348_6.tif,38.289999999999999,37.969995117187501,44.160558899999998,-122.285047700000007,492.970000000000027,
326,,IMG_0349_6.tif,37.590000000000003,37.959985351562501,44.160554200000000,-122.285043299999998,492.709000000000003,
327,,IMG_0350_6.tif,36.649999999999999,37.950006103515598,44.160555000000002,-122.284940199999994,492.526000000000010,
328,,IMG_0351_6.tif,36.770000000000003,37.939996337890598,44.160556300000003,-122.284632400000007,492.685000000000002,
329,,IMG_0352_6.tif,37.909999999999997,37.939996337890598,44.160557500000003,-122.284316099999998,492.889000000000010,
330,,IMG_0353_6.tif,38.450000000000003,37.950006103515598,44.160558199999997,-122.284215500000002,492.740000000000009,
331,,IMG_0354_6.tif,37.070000000000100,37.939996337890598,44.160540200000000,-122.284222200000002,492.420999999999992,
332,,IMG_0355_6.tif,38.649999999999999,37.950006103515598,44.160297499999999,-122.284217799999993,492.610999999999990,
334,,IMG_0357_6.tif,35.810000000000002,37.959985351562501,44.159894600000001,-122.284215099999997,493.026000000000010,
337,,IMG_0360_6.tif,33.049999999999997,38.010003662109398,44.159333699999998,-122.284217299999995,492.879000000000019,
338,,IMG_0361_6.tif,30.410000000000000,38.020013427734398,44.159000300000002,-122.284213800000003,493.000999999999976,
339,,IMG_0362_6.tif,32.210000000000001,38.050012207031301,44.158870899999997,-122.284214000000006,493.158000000000015,
342,,IMG_0365_6.tif,33.729999999999997,38.110009765625001,44.158208500000001,-122.284212699999998,493.526000000000010,
345,,IMG_0368_6.tif,36.990000000000002,38.170007324218801,44.157575799999996,-122.284215200000006,492.716999999999985,
346,,IMG_0369_6.tif,35.850000000000001,38.209985351562501,44.157259600000003,-122.284215799999998,492.660000000000025,
347,,IMG_0370_6.tif,35.710000000000001,38.209985351562501,44.157144299999999,-122.284215799999998,492.625000000000000,
348,,IMG_0371_6.tif,37.229999999999997,38.240014648437501,44.156914399999998,-122.284216799999996,492.636000000000024,
349,,IMG_0372_6.tif,37.469999999999999,38.279992675781301,44.156641100000002,-122.284215399999994,492.663000000000011,
350,,IMG_0373_6.tif,37.770000000000003,38.290002441406301,44.156467399999997,-122.284214399999996,492.574999999999989,
351,,IMG_0374_6.tif,36.729999999999997,38.320001220703098,44.156323499999999,-122.284214000000006,492.571000000000026,
352,,IMG_0375_6.tif,38.030000000000001,38.339990234375001,44.156062599999998,-122.284216400000005,492.480999999999995,
353,,IMG_0376_6.tif,37.070000000000100,38.369989013671898,44.156045599999999,-122.284211499999998,492.283000000000015,
354,,IMG_0377_6.tif,37.490000000000002,38.390008544921898,44.156083000000002,-122.284317299999998,491.901000000000010,
