OID_,dist_m,POINT_X,POINT_Y,tir_cs,dist_up,tir_cor_adj_filt,year,restored,fire,temp_at_release,discharge,canopy_cov,air_temp_C
1,150,557324.731900000013411,4889648.983999999240041,-0.1932593,946,16.25,2009,0,0,15.1,511,0.717,26.7
2,152,557322.789099999703467,4889648.514399999752641,-0.1981011,944,16.3499985,2009,0,0,15.1,511,0.717,26.7
3,154,557320.968399999663234,4889647.686799999326468,-0.2043566,942,16.25,2009,0,0,15.1,511,0.717,26.7
4,156,557319.147699999623001,4889646.859200000762939,-0.2176298,940,16.25,2009,0,0,15.1,511,0.717,26.7
5,158,557317.326899999752641,4889646.031600000336766,-0.1848946,938,16.25,2009,0,0,15.1,511,0.717,26.7
6,160,557315.406700000166893,4889645.614700000733137,-0.2051907,936,16.25,2009,0,0,15.1,511,0.717,26.7
7,162,557313.409099999815226,4889645.517200000584126,-0.2380004,934,16.25,2009,0,0,15.1,511,0.717,26.7
8,164,557311.411399999633431,4889645.419800000265241,-0.2463115,932,16.1499996,2009,0,0,15.1,511,0.717,26.7
9,166,557309.414900000207126,4889645.375299999490380,-0.2246883,930,16.25,2009,0,0,15.1,511,0.717,26.7
10,170,557305.430700000375509,4889645.731100000441074,-0.2799492,926,16.1499996,2009,0,0,15.1,511,0.717,26.7
11,172,557303.435700000263751,4889645.871300000697374,-0.2759585,924,16.1499996,2009,0,0,15.1,511,0.717,26.7
12,174,557301.440299999900162,4889646.006500000134110,-0.2155049,922,16.25,2009,0,0,15.1,511,0.717,26.7
13,176,557299.457299999892712,4889646.242499999701977,-0.2155422,920,16.25,2009,0,0,15.1,511,0.717,26.7
14,178,557297.489199999719858,4889646.598099999129772,-0.2175873,918,16.25,2009,0,0,15.1,511,0.717,26.7
15,222,557255.931599999777973,4889659.717599999159575,-0.2032613,874,16.25,2009,0,0,15.1,511,0.717,26.7
16,224,557254.227900000289083,4889660.759299999102950,-0.211166,872,16.25,2009,0,0,15.1,511,0.717,26.7
17,228,557250.982800000347197,4889663.084699999541044,-0.2121303,868,16.25,2009,0,0,15.1,511,0.717,26.7
18,274,557228.978900000452995,4889699.775299999862909,-0.2021077,822,16.25,2009,0,0,15.1,511,0.717,26.7
19,288,557222.886300000362098,4889712.366499999538064,-0.2086203,808,16.25,2009,0,0,15.1,511,0.717,26.7
20,310,557217.459499999880791,4889733.677799999713898,-0.2052004,786,16.1499996,2009,0,0,15.1,511,0.717,26.7
21,320,557216.347000000067055,4889743.613600000739098,-0.1281882,776,16.3499985,2009,0,0,15.1,511,0.717,26.7
22,322,557216.902300000190735,4889745.491200000047684,-0.2016557,774,16.25,2009,0,0,15.1,511,0.717,26.7
23,334,557221.542500000447035,4889756.553799999877810,-0.1242676,762,16.3499985,2009,0,0,15.1,511,0.717,26.7
24,346,557227.843700000084937,4889766.766300000250340,0.3297891,750,16.9499989,2009,0,0,15.1,511,0.717,26.7
25,348,557228.902800000272691,4889768.462300000712276,0.3394461,748,16.9499989,2009,0,0,15.1,511,0.717,26.7
26,2,557435.950400000438094,4889730.821299999952316,-0.2307896,1094,16.25,2009,0,0,15.1,511,0.717,26.7
27,4,557434.874499999918044,4889729.135299999266863,-0.2552679,1092,16.1499996,2009,0,0,15.1,511,0.717,26.7
28,6,557433.798700000159442,4889727.449300000444055,-0.2014544,1090,16.25,2009,0,0,15.1,511,0.717,26.7
29,8,557432.722900000400841,4889725.763299999758601,-0.2148097,1088,16.25,2009,0,0,15.1,511,0.717,26.7
30,10,557431.647099999710917,4889724.077299999073148,-0.2390183,1086,16.1499996,2009,0,0,15.1,511,0.717,26.7
31,12,557430.571200000122190,4889722.391300000250340,-0.2042035,1084,16.25,2009,0,0,15.1,511,0.717,26.7
32,14,557429.495400000363588,4889720.705299999564886,-0.2021077,1082,16.25,2009,0,0,15.1,511,0.717,26.7
33,20,557426.267900000326335,4889715.647299999371171,-0.2255491,1076,16.25,2009,0,0,15.1,511,0.717,26.7
34,22,557425.192099999636412,4889713.961300000548363,-0.2417013,1074,16.25,2009,0,0,15.1,511,0.717,26.7
35,26,557423.049599999561906,4889710.583499999716878,-0.2418113,1070,16.1499996,2009,0,0,15.1,511,0.717,26.7
36,28,557421.991600000299513,4889708.886299999430776,-0.2784456,1068,16.1499996,2009,0,0,15.1,511,0.717,26.7
37,30,557420.933600000105798,4889707.188999999314547,-0.2610085,1066,16.1499996,2009,0,0,15.1,511,0.717,26.7
38,36,557417.759600000455976,4889702.097300000488758,-0.2149932,1060,16.25,2009,0,0,15.1,511,0.717,26.7
39,46,557411.883500000461936,4889694.096200000494719,-0.2501014,1050,16.1499996,2009,0,0,15.1,511,0.717,26.7
40,58,557403.290199999697506,4889685.797800000756979,-0.2666508,1038,16.1499996,2009,0,0,15.1,511,0.717,26.7
41,60,557402.497000000439584,4889683.961799999698997,-0.2799492,1036,16.1499996,2009,0,0,15.1,511,0.717,26.7
42,82,557388.664200000464916,4889667.792300000786781,-0.2799492,1014,16.1499996,2009,0,0,15.1,511,0.717,26.7
43,84,557386.761099999770522,4889667.189500000327826,-0.2799492,1012,16.1499996,2009,0,0,15.1,511,0.717,26.7
44,88,557382.934999999590218,4889666.022900000214577,-0.2119227,1008,16.25,2009,0,0,15.1,511,0.717,26.7
45,92,557379.012000000104308,4889665.291799999773502,-0.2710708,1004,16.1499996,2009,0,0,15.1,511,0.717,26.7
46,94,557377.032100000418723,4889665.008899999782443,-0.1884094,1002,16.25,2009,0,0,15.1,511,0.717,26.7
47,96,557375.052199999801815,4889664.726099999621511,-0.2040353,1000,16.1499996,2009,0,0,15.1,511,0.717,26.7
48,98,557373.113499999977648,4889664.253599999472499,-0.2021077,998,16.25,2009,0,0,15.1,511,0.717,26.7
49,106,557365.437599999830127,4889661.999500000849366,-0.2390873,990,16.1499996,2009,0,0,15.1,511,0.717,26.7
50,108,557363.570600000210106,4889661.313799999654293,-0.2402737,988,16.1499996,2009,0,0,15.1,511,0.717,26.7
51,110,557361.834099999628961,4889660.321499999612570,-0.1691703,986,16.25,2009,0,0,15.1,511,0.717,26.7
52,112,557359.956000000238419,4889659.707499999552965,-0.1776235,984,16.25,2009,0,0,15.1,511,0.717,26.7
53,114,557357.994800000451505,4889659.315300000831485,-0.1635162,982,16.3499985,2009,0,0,15.1,511,0.717,26.7
54,116,557356.095499999821186,4889658.720499999821186,-0.2054339,980,16.25,2009,0,0,15.1,511,0.717,26.7
55,118,557354.249300000257790,4889657.951300000771880,-0.0951088,978,16.4499989,2009,0,0,15.1,511,0.717,26.7
56,120,557352.403199999593198,4889657.182000000029802,-0.0540208,976,16.4499989,2009,0,0,15.1,511,0.717,26.7
57,122,557350.427000000141561,4889656.967700000852346,-0.1409886,974,16.3499985,2009,0,0,15.1,511,0.717,26.7
58,126,557346.435600000433624,4889656.706100000068545,-0.167119,970,16.25,2009,0,0,15.1,511,0.717,26.7
59,128,557344.439899999648333,4889656.575300000607967,-0.080691,968,16.4499989,2009,0,0,15.1,511,0.717,26.7
60,130,557342.721199999563396,4889655.701400000602007,-0.1029672,966,16.3499985,2009,0,0,15.1,511,0.717,26.7
61,134,557339.532800000160933,4889653.286000000312924,-0.2021077,962,16.25,2009,0,0,15.1,511,0.717,26.7
62,136,557337.938599999994040,4889652.078299999237061,-0.2021077,960,16.25,2009,0,0,15.1,511,0.717,26.7
63,138,557336.344499999657273,4889650.870600000023842,-0.2020612,958,16.25,2009,0,0,15.1,511,0.717,26.7
64,140,557334.602400000207126,4889650.102900000289083,-0.2021077,956,16.25,2009,0,0,15.1,511,0.717,26.7
65,142,557332.602400000207126,4889650.102900000289083,-0.2616349,954,16.1499996,2009,0,0,15.1,511,0.717,26.7
66,144,557330.602400000207126,4889650.102900000289083,-0.2275975,952,16.25,2009,0,0,15.1,511,0.717,26.7
67,146,557328.626199999824166,4889649.897500000894070,-0.2532269,950,16.1499996,2009,0,0,15.1,511,0.717,26.7
68,148,557326.678999999538064,4889649.440700000151992,-0.202124,948,16.25,2009,0,0,15.1,511,0.717,26.7
69,1018,556647.114599999971688,4889887.820399999618530,0.0380671,78,16.5499992,2009,0,0,15.1,511,0.717,26.7
70,1028,556637.953800000250340,4889883.810399999842048,0.1108939,68,16.6499996,2009,0,0,15.1,511,0.717,26.7
71,1074,556595.814199999906123,4889865.364399999380112,0.1625669,22,16.75,2009,0,0,15.1,511,0.717,26.7
72,1076,556593.982099999673665,4889864.562400000169873,0.1189677,20,16.6499996,2009,0,0,15.1,511,0.717,26.7
73,1078,556592.149899999611080,4889863.760399999096990,0.0891508,18,16.6499996,2009,0,0,15.1,511,0.717,26.7
74,1080,556590.247000000439584,4889863.152499999850988,0.1020775,16,16.6499996,2009,0,0,15.1,511,0.717,26.7
75,1082,556588.328700000420213,4889862.586500000208616,0.024165,14,16.5499992,2009,0,0,15.1,511,0.717,26.7
76,1084,556586.410400000400841,4889862.020600000396371,0.0106573,12,16.5499992,2009,0,0,15.1,511,0.717,26.7
77,1086,556584.492200000211596,4889861.454700000584126,0.0983077,10,16.6499996,2009,0,0,15.1,511,0.717,26.7
78,1088,556582.573900000192225,4889860.888800000771880,0.0314155,8,16.5499992,2009,0,0,15.1,511,0.717,26.7
79,1090,556580.655700000002980,4889860.322799999266863,0.0314155,6,16.5499992,2009,0,0,15.1,511,0.717,26.7
80,1092,556578.737399999983609,4889859.756899999454618,-0.0093909,4,16.4499989,2009,0,0,15.1,511,0.717,26.7
81,1094,556576.819099999964237,4889859.190999999642372,0.0314155,2,16.5499992,2009,0,0,15.1,511,0.717,26.7
82,1096,556574.900899999774992,4889858.625099999830127,0.0369507,0,16.5499992,2009,0,0,15.1,511,0.717,26.7
83,438,557192.223899999633431,4889844.031899999827147,-0.0464261,658,16.4499989,2009,0,0,15.1,511,0.717,26.7
84,440,557190.528099999763072,4889845.052400000393391,0.02791,656,16.5499992,2009,0,0,15.1,511,0.717,26.7
85,442,557189.035400000400841,4889846.383500000461936,-0.0567193,654,16.4499989,2009,0,0,15.1,511,0.717,26.7
86,356,557230.950299999676645,4889775.402200000360608,0.2213465,740,16.6499996,2009,0,0,15.1,511,0.717,26.7
87,358,557230.422600000165403,4889777.331199999898672,0.0558544,738,16.5499992,2009,0,0,15.1,511,0.717,26.7
88,360,557229.855000000447035,4889779.248999999836087,-0.0311305,736,16.6499996,2009,0,0,15.1,511,0.717,26.7
89,844,556810.110399999655783,4889935.502000000327826,0.0879741,252,16.6499996,2009,0,0,15.1,511,0.717,26.7
90,846,556808.116999999620020,4889935.340299999341369,-0.055922,250,16.4499989,2009,0,0,15.1,511,0.717,26.7
91,848,556806.123499999754131,4889935.178700000047684,-0.0098528,248,16.5499992,2009,0,0,15.1,511,0.717,26.7
92,850,556804.128600000403821,4889935.083300000056624,-0.0446229,246,16.4499989,2009,0,0,15.1,511,0.717,26.7
93,852,556802.129999999888241,4889935.157299999147654,-0.0060478,244,16.5499992,2009,0,0,15.1,511,0.717,26.7
94,854,556800.131299999542534,4889935.231399999931455,0.0512791,242,16.6499996,2009,0,0,15.1,511,0.717,26.7
95,856,556798.132699999958277,4889935.305400000885129,0.0307932,240,16.5499992,2009,0,0,15.1,511,0.717,26.7
96,858,556796.134100000374019,4889935.379399999976158,0.0600301,238,16.6499996,2009,0,0,15.1,511,0.717,26.7
97,860,556794.135499999858439,4889935.453500000759959,0.0513494,236,16.6499996,2009,0,0,15.1,511,0.717,26.7
98,862,556792.136800000444055,4889935.527499999850988,-0.0317607,234,16.4499989,2009,0,0,15.1,511,0.717,26.7
99,864,556790.143899999558926,4889935.418500000610948,0.0506359,232,16.5499992,2009,0,0,15.1,511,0.717,26.7
100,866,556788.153900000266731,4889935.219499999657273,0.0668906,230,16.6499996,2009,0,0,15.1,511,0.717,26.7
101,868,556786.163800000213087,4889935.020500000566244,0.03384,228,16.5499992,2009,0,0,15.1,511,0.717,26.7
102,870,556784.173700000159442,4889934.821499999612570,0.0099762,226,16.4499989,2009,0,0,15.1,511,0.717,26.7
103,872,556782.183600000105798,4889934.622400000691414,0.0984137,224,16.5499992,2009,0,0,15.1,511,0.717,26.7
104,874,556780.193599999882281,4889934.423399999737740,0.1027658,222,16.6499996,2009,0,0,15.1,511,0.717,26.7
105,878,556776.236499999649823,4889934.256400000303984,0.0712529,218,16.6499996,2009,0,0,15.1,511,0.717,26.7
106,880,556774.324900000356138,4889934.844599999487400,0.1597829,216,16.75,2009,0,0,15.1,511,0.717,26.7
107,886,556768.590200000442564,4889936.609099999070168,0.0670088,210,16.6499996,2009,0,0,15.1,511,0.717,26.7
108,888,556766.678700000047684,4889937.197300000116229,0.0453461,208,16.5499992,2009,0,0,15.1,511,0.717,26.7
109,890,556764.767099999822676,4889937.785499999299645,0.1049108,206,16.6499996,2009,0,0,15.1,511,0.717,26.7
110,892,556762.896099999547005,4889937.510999999940395,0.0917917,204,16.6499996,2009,0,0,15.1,511,0.717,26.7
111,894,556761.048000000417233,4889936.746300000697374,0.0457698,202,16.5499992,2009,0,0,15.1,511,0.717,26.7
112,896,556759.200000000186265,4889935.981599999591708,0.1493429,200,16.75,2009,0,0,15.1,511,0.717,26.7
113,898,556757.351999999955297,4889935.216900000348687,0.1100296,198,16.6499996,2009,0,0,15.1,511,0.717,26.7
114,908,556748.111800000071526,4889931.393400000408292,0.1116194,188,16.6499996,2009,0,0,15.1,511,0.717,26.7
115,918,556738.871600000187755,4889927.569900000467896,0.2759475,178,16.8499985,2009,0,0,15.1,511,0.717,26.7
116,930,556727.783400000073016,4889922.981599999591708,0.1870985,166,16.75,2009,0,0,15.1,511,0.717,26.7
117,932,556725.935399999842048,4889922.216900000348687,0.1669661,164,16.75,2009,0,0,15.1,511,0.717,26.7
118,934,556724.087399999611080,4889921.452199999243021,0.1640006,162,16.6499996,2009,0,0,15.1,511,0.717,26.7
119,936,556722.239299999549985,4889920.687500000000000,0.1123465,160,16.6499996,2009,0,0,15.1,511,0.717,26.7
120,938,556720.400799999944866,4889919.900399999693036,0.1689174,158,16.75,2009,0,0,15.1,511,0.717,26.7
121,940,556718.568699999712408,4889919.098400000482798,0.216306,156,16.75,2009,0,0,15.1,511,0.717,26.7
122,942,556716.736499999649823,4889918.296399999409914,0.1415345,154,16.6499996,2009,0,0,15.1,511,0.717,26.7
123,944,556714.904400000348687,4889917.494400000199676,0.202882,152,16.75,2009,0,0,15.1,511,0.717,26.7
124,776,556876.806300000287592,4889928.987299999222159,-0.0464261,320,16.4499989,2009,0,0,15.1,511,0.717,26.7
125,778,556874.821700000204146,4889929.234300000593066,-0.0715637,318,16.4499989,2009,0,0,15.1,511,0.717,26.7
126,780,556872.837000000290573,4889929.481200000271201,-0.0066535,316,16.5499992,2009,0,0,15.1,511,0.717,26.7
127,782,556870.868300000205636,4889929.800499999895692,-0.0790469,314,16.4499989,2009,0,0,15.1,511,0.717,26.7
128,784,556868.965400000102818,4889930.416200000792742,-0.0472554,312,16.4499989,2009,0,0,15.1,511,0.717,26.7
129,786,556867.062500000000000,4889931.031799999997020,-0.0922897,310,16.3499985,2009,0,0,15.1,511,0.717,26.7
130,798,556855.645200000144541,4889934.725600000470877,-0.0464261,298,16.4499989,2009,0,0,15.1,511,0.717,26.7
131,800,556853.718399999663234,4889935.252199999988079,-0.0418388,296,16.3499985,2009,0,0,15.1,511,0.717,26.7
132,802,556851.762799999676645,4889935.671299999579787,0.0029729,294,16.5499992,2009,0,0,15.1,511,0.717,26.7
133,804,556849.807199999690056,4889936.090399999171495,-0.0352032,292,16.4499989,2009,0,0,15.1,511,0.717,26.7
134,806,556847.851599999703467,4889936.509400000795722,-0.0103068,290,16.4499989,2009,0,0,15.1,511,0.717,26.7
135,808,556845.895999999716878,4889936.928500000387430,-0.0901549,288,16.3499985,2009,0,0,15.1,511,0.717,26.7
136,810,556843.940399999730289,4889937.347599999979138,-0.0800646,286,16.4499989,2009,0,0,15.1,511,0.717,26.7
137,812,556841.984799999743700,4889937.766599999740720,-0.0464261,284,16.4499989,2009,0,0,15.1,511,0.717,26.7
138,814,556840.012299999594688,4889937.926400000229478,0.0166074,282,16.5499992,2009,0,0,15.1,511,0.717,26.7
139,816,556838.018799999728799,4889937.764799999073148,-0.030016,280,16.4499989,2009,0,0,15.1,511,0.717,26.7
140,818,556836.025399999693036,4889937.603199999779463,-0.0435478,278,16.4499989,2009,0,0,15.1,511,0.717,26.7
141,638,557013.585500000044703,4889914.788000000640750,-0.0409857,458,16.4499989,2009,0,0,15.1,511,0.717,26.7
142,640,557011.602300000376999,4889915.046399999409914,-0.0866835,456,16.3499985,2009,0,0,15.1,511,0.717,26.7
143,642,557009.631699999794364,4889915.385500000789762,-0.0343159,454,16.5499992,2009,0,0,15.1,511,0.717,26.7
144,644,557007.664599999785423,4889915.746799999848008,0.015713,452,16.5499992,2009,0,0,15.1,511,0.717,26.7
145,646,557005.697599999606609,4889916.108200000599027,-0.0066128,450,16.5499992,2009,0,0,15.1,511,0.717,26.7
146,650,557001.763399999588728,4889916.831000000238419,-0.0278659,446,16.4499989,2009,0,0,15.1,511,0.717,26.7
147,654,556997.829199999570847,4889917.553799999877810,-0.0464261,442,16.4499989,2009,0,0,15.1,511,0.717,26.7
148,656,556995.862200000323355,4889917.915200000628829,-0.0662193,440,16.4499989,2009,0,0,15.1,511,0.717,26.7
149,658,556993.895100000314415,4889918.276599999517202,-0.0499228,438,16.4499989,2009,0,0,15.1,511,0.717,26.7
150,660,556991.917700000107288,4889918.278100000694394,-0.0464261,436,16.4499989,2009,0,0,15.1,511,0.717,26.7
151,662,556989.933100000023842,4889918.029999999329448,-0.0641497,434,16.4499989,2009,0,0,15.1,511,0.717,26.7
152,664,556987.948599999770522,4889917.781999999657273,-0.0072658,432,16.5499992,2009,0,0,15.1,511,0.717,26.7
153,672,556980.010400000028312,4889916.789699999615550,-0.1206426,424,16.3499985,2009,0,0,15.1,511,0.717,26.7
154,674,556978.025799999944866,4889916.541600000113249,-0.033721,422,16.4499989,2009,0,0,15.1,511,0.717,26.7
155,676,556976.041100000031292,4889916.640100000426173,-0.0075261,420,16.5499992,2009,0,0,15.1,511,0.717,26.7
156,678,556974.056400000117719,4889916.887000000104308,-0.04268,418,16.4499989,2009,0,0,15.1,511,0.717,26.7
1,150,557324.731900000013411,4889648.983999999240041,-0.9150096,946,17.8978806,2019,1,0,14.15,826,0.311,28.9
2,152,557322.789099999703467,4889648.514399999752641,-0.907137,944,17.9071026,2019,1,0,14.15,826,0.311,28.9
3,154,557320.968399999663234,4889647.686799999326468,-0.6960939,942,18.1837845,2019,1,0,14.15,826,0.311,28.9
4,156,557319.147699999623001,4889646.859200000762939,-0.9064683,940,17.9163265,2019,1,0,14.15,826,0.311,28.9
5,158,557317.326899999752641,4889646.031600000336766,-0.9449326,938,17.8609886,2019,1,0,14.15,826,0.311,28.9
6,160,557315.406700000166893,4889645.614700000733137,-0.9082293,936,17.8978806,2019,1,0,14.15,826,0.311,28.9
7,162,557313.409099999815226,4889645.517200000584126,-0.8154272,934,18.0269985,2019,1,0,14.15,826,0.311,28.9
8,164,557311.411399999633431,4889645.419800000265241,-0.9395892,932,17.8609886,2019,1,0,14.15,826,0.311,28.9
9,166,557309.414900000207126,4889645.375299999490380,-0.8125413,930,18.0177746,2019,1,0,14.15,826,0.311,28.9
10,170,557305.430700000375509,4889645.731100000441074,-0.9856749,926,17.8056526,2019,1,0,14.15,826,0.311,28.9
11,172,557303.435700000263751,4889645.871300000697374,-0.8369747,924,17.9993305,2019,1,0,14.15,826,0.311,28.9
12,174,557301.440299999900162,4889646.006500000134110,-0.7920433,922,18.0546665,2019,1,0,14.15,826,0.311,28.9
13,176,557299.457299999892712,4889646.242499999701977,-0.6849455,920,18.1837845,2019,1,0,14.15,826,0.311,28.9
14,178,557297.489199999719858,4889646.598099999129772,-0.180699,918,18.8570461,2019,1,0,14.15,826,0.311,28.9
15,222,557255.931599999777973,4889659.717599999159575,-0.5473452,874,18.3682404,2019,1,0,14.15,826,0.311,28.9
16,224,557254.227900000289083,4889660.759299999102950,-0.512942,872,18.4143543,2019,1,0,14.15,826,0.311,28.9
17,228,557250.982800000347197,4889663.084699999541044,-0.4727729,868,18.4420223,2019,1,0,14.15,826,0.311,28.9
18,274,557228.978900000452995,4889699.775299999862909,-0.2524841,822,18.7371502,2019,1,0,14.15,826,0.311,28.9
19,288,557222.886300000362098,4889712.366499999538064,-0.0655601,808,18.995388,2019,1,0,14.15,826,0.311,28.9
20,310,557217.459499999880791,4889733.677799999713898,0.6157002,786,19.8899937,2019,1,0,14.15,826,0.311,28.9
21,320,557216.347000000067055,4889743.613600000739098,0.0978455,776,19.198288,2019,1,0,14.15,826,0.311,28.9
22,322,557216.902300000190735,4889745.491200000047684,0.149484,774,19.2720699,2019,1,0,14.15,826,0.311,28.9
23,334,557221.542500000447035,4889756.553799999877810,-0.2462891,762,18.7463741,2019,1,0,14.15,826,0.311,28.9
24,346,557227.843700000084937,4889766.766300000250340,-0.4917523,750,18.4328003,2019,1,0,14.15,826,0.311,28.9
25,348,557228.902800000272691,4889768.462300000712276,-0.547746,748,18.3682404,2019,1,0,14.15,826,0.311,28.9
26,2,557435.950400000438094,4889730.821299999952316,0.318148,1094,19.4749699,2019,1,0,14.15,826,0.311,28.9
27,4,557434.874499999918044,4889729.135299999266863,-0.0923328,1092,18.9584961,2019,1,0,14.15,826,0.311,28.9
28,6,557433.798700000159442,4889727.449300000444055,-0.425704,1090,18.5250282,2019,1,0,14.15,826,0.311,28.9
29,8,557432.722900000400841,4889725.763299999758601,-0.3359832,1088,18.6357002,2019,1,0,14.15,826,0.311,28.9
30,10,557431.647099999710917,4889724.077299999073148,-0.1415858,1086,18.8847141,2019,1,0,14.15,826,0.311,28.9
31,12,557430.571200000122190,4889722.391300000250340,0.0905327,1084,19.198288,2019,1,0,14.15,826,0.311,28.9
32,14,557429.495400000363588,4889720.705299999564886,0.0860352,1082,19.179842,2019,1,0,14.15,826,0.311,28.9
33,20,557426.267900000326335,4889715.647299999371171,0.1486225,1076,19.262846,2019,1,0,14.15,826,0.311,28.9
34,22,557425.192099999636412,4889713.961300000548363,0.0819588,1074,19.1706181,2019,1,0,14.15,826,0.311,28.9
35,26,557423.049599999561906,4889710.583499999716878,-0.2381267,1070,18.7648201,2019,1,0,14.15,826,0.311,28.9
36,28,557421.991600000299513,4889708.886299999430776,-0.237614,1068,18.7648201,2019,1,0,14.15,826,0.311,28.9
37,30,557420.933600000105798,4889707.188999999314547,-0.4847235,1066,18.4512463,2019,1,0,14.15,826,0.311,28.9
38,36,557417.759600000455976,4889702.097300000488758,-0.7360021,1060,18.1284485,2019,1,0,14.15,826,0.311,28.9
39,46,557411.883500000461936,4889694.096200000494719,-0.4910648,1050,18.4420223,2019,1,0,14.15,826,0.311,28.9
40,58,557403.290199999697506,4889685.797800000756979,-0.6709678,1038,18.2114544,2019,1,0,14.15,826,0.311,28.9
41,60,557402.497000000439584,4889683.961799999698997,-0.7769768,1036,18.0638905,2019,1,0,14.15,826,0.311,28.9
42,82,557388.664200000464916,4889667.792300000786781,-0.718888,1014,18.1468945,2019,1,0,14.15,826,0.311,28.9
43,84,557386.761099999770522,4889667.189500000327826,-0.7707424,1012,18.0823364,2019,1,0,14.15,826,0.311,28.9
44,88,557382.934999999590218,4889666.022900000214577,-0.7758807,1008,18.0638905,2019,1,0,14.15,826,0.311,28.9
45,92,557379.012000000104308,4889665.291799999773502,-0.9824461,1004,17.8056526,2019,1,0,14.15,826,0.311,28.9
46,94,557377.032100000418723,4889665.008899999782443,-1.0244297,1002,17.7503166,2019,1,0,14.15,826,0.311,28.9
47,96,557375.052199999801815,4889664.726099999621511,-0.9673761,1000,17.8333206,2019,1,0,14.15,826,0.311,28.9
48,98,557373.113499999977648,4889664.253599999472499,-1.0894707,998,17.6765347,2019,1,0,14.15,826,0.311,28.9
49,106,557365.437599999830127,4889661.999500000849366,-1.0761496,990,17.6857567,2019,1,0,14.15,826,0.311,28.9
50,108,557363.570600000210106,4889661.313799999654293,-1.1415627,988,17.6119747,2019,1,0,14.15,826,0.311,28.9
51,110,557361.834099999628961,4889660.321499999612570,-0.9602102,986,17.8333206,2019,1,0,14.15,826,0.311,28.9
52,112,557359.956000000238419,4889659.707499999552965,-0.9817824,984,17.8148746,2019,1,0,14.15,826,0.311,28.9
53,114,557357.994800000451505,4889659.315300000831485,-1.0357497,982,17.7410927,2019,1,0,14.15,826,0.311,28.9
54,116,557356.095499999821186,4889658.720499999821186,-0.8451101,980,17.9901085,2019,1,0,14.15,826,0.311,28.9
55,118,557354.249300000257790,4889657.951300000771880,-0.9360917,978,17.8794346,2019,1,0,14.15,826,0.311,28.9
56,120,557352.403199999593198,4889657.182000000029802,-0.7519251,976,18.1007805,2019,1,0,14.15,826,0.311,28.9
57,122,557350.427000000141561,4889656.967700000852346,-0.6642824,974,18.2206764,2019,1,0,14.15,826,0.311,28.9
58,126,557346.435600000433624,4889656.706100000068545,-0.0599555,970,19.050724,2019,1,0,14.15,826,0.311,28.9
59,128,557344.439899999648333,4889656.575300000607967,-0.6788433,968,18.2022305,2019,1,0,14.15,826,0.311,28.9
60,130,557342.721199999563396,4889655.701400000602007,-0.7134448,966,18.1468945,2019,1,0,14.15,826,0.311,28.9
61,134,557339.532800000160933,4889653.286000000312924,-0.5916944,962,18.3129044,2019,1,0,14.15,826,0.311,28.9
62,136,557337.938599999994040,4889652.078299999237061,-0.7227763,960,18.1468945,2019,1,0,14.15,826,0.311,28.9
63,138,557336.344499999657273,4889650.870600000023842,-0.8279513,958,18.0177746,2019,1,0,14.15,826,0.311,28.9
64,140,557334.602400000207126,4889650.102900000289083,-0.9640664,956,17.8333206,2019,1,0,14.15,826,0.311,28.9
65,142,557332.602400000207126,4889650.102900000289083,-0.9282421,954,17.8794346,2019,1,0,14.15,826,0.311,28.9
66,144,557330.602400000207126,4889650.102900000289083,-0.9641378,952,17.8333206,2019,1,0,14.15,826,0.311,28.9
67,146,557328.626199999824166,4889649.897500000894070,-0.8696814,950,17.9439926,2019,1,0,14.15,826,0.311,28.9
68,148,557326.678999999538064,4889649.440700000151992,-0.8564507,948,17.9716625,2019,1,0,14.15,826,0.311,28.9
69,1018,556647.114599999971688,4889887.820399999618530,-0.7212692,78,18.1561184,2019,1,0,14.15,826,0.311,28.9
70,1028,556637.953800000250340,4889883.810399999842048,-1.0424031,68,17.7410927,2019,1,0,14.15,826,0.311,28.9
71,1074,556595.814199999906123,4889865.364399999380112,-0.7469743,22,18.1100025,2019,1,0,14.15,826,0.311,28.9
72,1076,556593.982099999673665,4889864.562400000169873,-0.7373512,20,18.1284485,2019,1,0,14.15,826,0.311,28.9
73,1078,556592.149899999611080,4889863.760399999096990,-0.7101789,18,18.1561184,2019,1,0,14.15,826,0.311,28.9
74,1080,556590.247000000439584,4889863.152499999850988,-0.7171102,16,18.1561184,2019,1,0,14.15,826,0.311,28.9
75,1082,556588.328700000420213,4889862.586500000208616,-0.8432769,14,17.9808846,2019,1,0,14.15,826,0.311,28.9
76,1084,556586.410400000400841,4889862.020600000396371,-0.7560208,12,18.1007805,2019,1,0,14.15,826,0.311,28.9
77,1086,556584.492200000211596,4889861.454700000584126,-0.7767475,10,18.0823364,2019,1,0,14.15,826,0.311,28.9
78,1088,556582.573900000192225,4889860.888800000771880,-0.9111629,8,17.8978806,2019,1,0,14.15,826,0.311,28.9
79,1090,556580.655700000002980,4889860.322799999266863,-0.8433025,6,17.9901085,2019,1,0,14.15,826,0.311,28.9
80,1092,556578.737399999983609,4889859.756899999454618,-0.7559437,4,18.1007805,2019,1,0,14.15,826,0.311,28.9
81,1094,556576.819099999964237,4889859.190999999642372,-0.6973358,2,18.1745625,2019,1,0,14.15,826,0.311,28.9
82,1096,556574.900899999774992,4889858.625099999830127,-0.592405,0,18.3129044,2019,1,0,14.15,826,0.311,28.9
83,438,557192.223899999633431,4889844.031899999827147,-1.0317487,658,17.7410927,2019,1,0,14.15,826,0.311,28.9
84,440,557190.528099999763072,4889845.052400000393391,-0.9642593,656,17.8240986,2019,1,0,14.15,826,0.311,28.9
85,442,557189.035400000400841,4889846.383500000461936,-0.3154368,654,18.6541462,2019,1,0,14.15,826,0.311,28.9
86,356,557230.950299999676645,4889775.402200000360608,-0.6864272,740,18.1930084,2019,1,0,14.15,826,0.311,28.9
87,358,557230.422600000165403,4889777.331199999898672,-0.6732014,738,18.2022305,2019,1,0,14.15,826,0.311,28.9
88,360,557229.855000000447035,4889779.248999999836087,-0.5901737,736,18.3036823,2019,1,0,14.15,826,0.311,28.9
89,844,556810.110399999655783,4889935.502000000327826,-0.3641212,252,18.6080322,2019,1,0,14.15,826,0.311,28.9
90,846,556808.116999999620020,4889935.340299999341369,-0.3520061,250,18.6172562,2019,1,0,14.15,826,0.311,28.9
91,848,556806.123499999754131,4889935.178700000047684,-0.5549282,248,18.3590183,2019,1,0,14.15,826,0.311,28.9
92,850,556804.128600000403821,4889935.083300000056624,-0.5207639,246,18.4051304,2019,1,0,14.15,826,0.311,28.9
93,852,556802.129999999888241,4889935.157299999147654,-0.5352694,244,18.3866863,2019,1,0,14.15,826,0.311,28.9
94,854,556800.131299999542534,4889935.231399999931455,-0.5260746,242,18.3959084,2019,1,0,14.15,826,0.311,28.9
95,856,556798.132699999958277,4889935.305400000885129,-0.5904263,240,18.3129044,2019,1,0,14.15,826,0.311,28.9
96,858,556796.134100000374019,4889935.379399999976158,-0.6608005,238,18.2299004,2019,1,0,14.15,826,0.311,28.9
97,860,556794.135499999858439,4889935.453500000759959,-0.7672388,236,18.0915565,2019,1,0,14.15,826,0.311,28.9
98,862,556792.136800000444055,4889935.527499999850988,-0.626493,234,18.2667904,2019,1,0,14.15,826,0.311,28.9
99,864,556790.143899999558926,4889935.418500000610948,-0.6131148,232,18.2852364,2019,1,0,14.15,826,0.311,28.9
100,866,556788.153900000266731,4889935.219499999657273,-0.5692868,230,18.3405724,2019,1,0,14.15,826,0.311,28.9
101,868,556786.163800000213087,4889935.020500000566244,-0.5476765,228,18.3590183,2019,1,0,14.15,826,0.311,28.9
102,870,556784.173700000159442,4889934.821499999612570,-0.6410781,226,18.2483444,2019,1,0,14.15,826,0.311,28.9
103,872,556782.183600000105798,4889934.622400000691414,-0.561848,224,18.3497944,2019,1,0,14.15,826,0.311,28.9
104,874,556780.193599999882281,4889934.423399999737740,-0.5654417,222,18.3497944,2019,1,0,14.15,826,0.311,28.9
105,878,556776.236499999649823,4889934.256400000303984,-0.5979151,218,18.3036823,2019,1,0,14.15,826,0.311,28.9
106,880,556774.324900000356138,4889934.844599999487400,-0.5030059,216,18.4328003,2019,1,0,14.15,826,0.311,28.9
107,886,556768.590200000442564,4889936.609099999070168,-0.4586361,210,18.4881363,2019,1,0,14.15,826,0.311,28.9
108,888,556766.678700000047684,4889937.197300000116229,-0.469475,208,18.4696922,2019,1,0,14.15,826,0.311,28.9
109,890,556764.767099999822676,4889937.785499999299645,-0.4974954,206,18.4328003,2019,1,0,14.15,826,0.311,28.9
110,892,556762.896099999547005,4889937.510999999940395,-0.4173176,204,18.5342503,2019,1,0,14.15,826,0.311,28.9
111,894,556761.048000000417233,4889936.746300000697374,-0.5620799,202,18.3497944,2019,1,0,14.15,826,0.311,28.9
112,896,556759.200000000186265,4889935.981599999591708,-0.6152451,200,18.2852364,2019,1,0,14.15,826,0.311,28.9
113,898,556757.351999999955297,4889935.216900000348687,-0.5290182,198,18.3866863,2019,1,0,14.15,826,0.311,28.9
114,908,556748.111800000071526,4889931.393400000408292,-0.112459,188,18.9308281,2019,1,0,14.15,826,0.311,28.9
115,918,556738.871600000187755,4889927.569900000467896,0.2382247,178,19.3827438,2019,1,0,14.15,826,0.311,28.9
116,930,556727.783400000073016,4889922.981599999591708,-0.2641814,166,18.7279282,2019,1,0,14.15,826,0.311,28.9
117,932,556725.935399999842048,4889922.216900000348687,-0.3280209,164,18.6449223,2019,1,0,14.15,826,0.311,28.9
118,934,556724.087399999611080,4889921.452199999243021,-0.2695513,162,18.7187042,2019,1,0,14.15,826,0.311,28.9
119,936,556722.239299999549985,4889920.687500000000000,-0.2758927,160,18.7187042,2019,1,0,14.15,826,0.311,28.9
120,938,556720.400799999944866,4889919.900399999693036,-0.3180694,158,18.6725922,2019,1,0,14.15,826,0.311,28.9
121,940,556718.568699999712408,4889919.098400000482798,-0.1744357,156,18.8478241,2019,1,0,14.15,826,0.311,28.9
122,942,556716.736499999649823,4889918.296399999409914,-0.1972792,154,18.8201561,2019,1,0,14.15,826,0.311,28.9
123,944,556714.904400000348687,4889917.494400000199676,-0.1098244,152,18.9308281,2019,1,0,14.15,826,0.311,28.9
124,776,556876.806300000287592,4889928.987299999222159,0.1137311,320,19.2167339,2019,1,0,14.15,826,0.311,28.9
125,778,556874.821700000204146,4889929.234300000593066,-0.0406657,318,19.0230541,2019,1,0,14.15,826,0.311,28.9
126,780,556872.837000000290573,4889929.481200000271201,0.0028064,316,19.078392,2019,1,0,14.15,826,0.311,28.9
127,782,556870.868300000205636,4889929.800499999895692,-0.1948943,314,18.8201561,2019,1,0,14.15,826,0.311,28.9
128,784,556868.965400000102818,4889930.416200000792742,-0.1209744,312,18.912384,2019,1,0,14.15,826,0.311,28.9
129,786,556867.062500000000000,4889931.031799999997020,-0.2161459,310,18.8017101,2019,1,0,14.15,826,0.311,28.9
130,798,556855.645200000144541,4889934.725600000470877,-0.5427667,298,18.3682404,2019,1,0,14.15,826,0.311,28.9
131,800,556853.718399999663234,4889935.252199999988079,-0.4032951,296,18.5526943,2019,1,0,14.15,826,0.311,28.9
132,802,556851.762799999676645,4889935.671299999579787,-0.5228747,294,18.4051304,2019,1,0,14.15,826,0.311,28.9
133,804,556849.807199999690056,4889936.090399999171495,-0.5190167,292,18.4051304,2019,1,0,14.15,826,0.311,28.9
134,806,556847.851599999703467,4889936.509400000795722,-0.5060245,290,18.4235764,2019,1,0,14.15,826,0.311,28.9
135,808,556845.895999999716878,4889936.928500000387430,-0.6688688,288,18.2022305,2019,1,0,14.15,826,0.311,28.9
136,810,556843.940399999730289,4889937.347599999979138,-0.4421305,286,18.5065823,2019,1,0,14.15,826,0.311,28.9
137,812,556841.984799999743700,4889937.766599999740720,-0.4472426,284,18.4973583,2019,1,0,14.15,826,0.311,28.9
138,814,556840.012299999594688,4889937.926400000229478,-0.5261456,282,18.3959084,2019,1,0,14.15,826,0.311,28.9
139,816,556838.018799999728799,4889937.764799999073148,-0.5004871,280,18.4328003,2019,1,0,14.15,826,0.311,28.9
140,818,556836.025399999693036,4889937.603199999779463,-0.4565652,278,18.4881363,2019,1,0,14.15,826,0.311,28.9
141,638,557013.585500000044703,4889914.788000000640750,-0.2291238,458,18.7555962,2019,1,0,14.15,826,0.311,28.9
142,640,557011.602300000376999,4889915.046399999409914,-0.3025266,456,18.6818142,2019,1,0,14.15,826,0.311,28.9
143,642,557009.631699999794364,4889915.385500000789762,-0.2816273,454,18.7187042,2019,1,0,14.15,826,0.311,28.9
144,644,557007.664599999785423,4889915.746799999848008,-0.3251591,452,18.6633682,2019,1,0,14.15,826,0.311,28.9
145,646,557005.697599999606609,4889916.108200000599027,-0.2958947,450,18.7002602,2019,1,0,14.15,826,0.311,28.9
146,650,557001.763399999588728,4889916.831000000238419,-0.3264927,446,18.6541462,2019,1,0,14.15,826,0.311,28.9
147,654,556997.829199999570847,4889917.553799999877810,-0.3098811,442,18.6725922,2019,1,0,14.15,826,0.311,28.9
148,656,556995.862200000323355,4889917.915200000628829,-0.2542666,440,18.7463741,2019,1,0,14.15,826,0.311,28.9
149,658,556993.895100000314415,4889918.276599999517202,-0.2515113,438,18.7463741,2019,1,0,14.15,826,0.311,28.9
150,660,556991.917700000107288,4889918.278100000694394,-0.2505988,436,18.7463741,2019,1,0,14.15,826,0.311,28.9
151,662,556989.933100000023842,4889918.029999999329448,-0.2313383,434,18.7740421,2019,1,0,14.15,826,0.311,28.9
152,664,556987.948599999770522,4889917.781999999657273,-0.2530962,432,18.7555962,2019,1,0,14.15,826,0.311,28.9
153,672,556980.010400000028312,4889916.789699999615550,-0.2969467,424,18.6910381,2019,1,0,14.15,826,0.311,28.9
154,674,556978.025799999944866,4889916.541600000113249,-0.2037551,422,18.8109322,2019,1,0,14.15,826,0.311,28.9
155,676,556976.041100000031292,4889916.640100000426173,-0.0279068,420,19.0322781,2019,1,0,14.15,826,0.311,28.9
156,678,556974.056400000117719,4889916.887000000104308,-0.0392955,418,19.0230541,2019,1,0,14.15,826,0.311,28.9
1,150,557324.731900000013411,4889648.983999999240041,-0.5831782,946,17.9376144,2021,1,1,15.3,390,0.056,27.2
2,152,557322.789099999703467,4889648.514399999752641,-0.5623025,944,17.9652824,2021,1,1,15.3,390,0.056,27.2
3,154,557320.968399999663234,4889647.686799999326468,-0.6485599,942,17.8546104,2021,1,1,15.3,390,0.056,27.2
4,156,557319.147699999623001,4889646.859200000762939,-0.5896255,940,17.9283924,2021,1,1,15.3,390,0.056,27.2
5,158,557317.326899999752641,4889646.031600000336766,-0.475288,938,18.0759563,2021,1,1,15.3,390,0.056,27.2
6,160,557315.406700000166893,4889645.614700000733137,-0.4191313,936,18.1405163,2021,1,1,15.3,390,0.056,27.2
7,162,557313.409099999815226,4889645.517200000584126,-0.3366879,934,18.2511883,2021,1,1,15.3,390,0.056,27.2
8,164,557311.411399999633431,4889645.419800000265241,-0.3481516,932,18.2327442,2021,1,1,15.3,390,0.056,27.2
9,166,557309.414900000207126,4889645.375299999490380,-0.3225342,930,18.2696342,2021,1,1,15.3,390,0.056,27.2
10,170,557305.430700000375509,4889645.731100000441074,-0.3088166,926,18.2788563,2021,1,1,15.3,390,0.056,27.2
11,172,557303.435700000263751,4889645.871300000697374,-0.3868794,924,18.1774063,2021,1,1,15.3,390,0.056,27.2
12,174,557301.440299999900162,4889646.006500000134110,-0.3117536,922,18.2880802,2021,1,1,15.3,390,0.056,27.2
13,176,557299.457299999892712,4889646.242499999701977,-0.1115188,920,18.5370941,2021,1,1,15.3,390,0.056,27.2
14,178,557297.489199999719858,4889646.598099999129772,0.1746818,918,18.9244499,2021,1,1,15.3,390,0.056,27.2
15,222,557255.931599999777973,4889659.717599999159575,-0.338074,874,18.2511883,2021,1,1,15.3,390,0.056,27.2
16,224,557254.227900000289083,4889660.759299999102950,-0.4549799,872,18.0944004,2021,1,1,15.3,390,0.056,27.2
17,228,557250.982800000347197,4889663.084699999541044,0.2449514,868,18.96134,2021,1,1,15.3,390,0.056,27.2
18,274,557228.978900000452995,4889699.775299999862909,-0.1925357,822,18.4356441,2021,1,1,15.3,390,0.056,27.2
19,288,557222.886300000362098,4889712.366499999538064,-0.1213634,808,18.5186481,2021,1,1,15.3,390,0.056,27.2
20,310,557217.459499999880791,4889733.677799999713898,0.2990747,786,19.0535679,2021,1,1,15.3,390,0.056,27.2
21,320,557216.347000000067055,4889743.613600000739098,0.0065684,776,18.6846581,2021,1,1,15.3,390,0.056,27.2
22,322,557216.902300000190735,4889745.491200000047684,0.0580062,774,18.75844,2021,1,1,15.3,390,0.056,27.2
23,334,557221.542500000447035,4889756.553799999877810,-0.1420989,762,18.5002022,2021,1,1,15.3,390,0.056,27.2
24,346,557227.843700000084937,4889766.766300000250340,-0.5342727,750,17.9837284,2021,1,1,15.3,390,0.056,27.2
25,348,557228.902800000272691,4889768.462300000712276,-0.1792705,748,18.4448662,2021,1,1,15.3,390,0.056,27.2
26,2,557435.950400000438094,4889730.821299999952316,0.9739264,1094,19.9481735,2021,1,1,15.3,390,0.056,27.2
27,4,557434.874499999918044,4889729.135299999266863,1.3484536,1092,20.4369793,2021,1,1,15.3,390,0.056,27.2
28,6,557433.798700000159442,4889727.449300000444055,1.3728498,1090,20.4369793,2021,1,1,15.3,390,0.056,27.2
29,8,557432.722900000400841,4889725.763299999758601,0.9802516,1088,19.9481735,2021,1,1,15.3,390,0.056,27.2
30,10,557431.647099999710917,4889724.077299999073148,0.5419457,1086,19.4040318,2021,1,1,15.3,390,0.056,27.2
31,12,557430.571200000122190,4889722.391300000250340,0.3284753,1084,19.0996799,2021,1,1,15.3,390,0.056,27.2
32,14,557429.495400000363588,4889720.705299999564886,0.1022063,1082,18.813776,2021,1,1,15.3,390,0.056,27.2
33,20,557426.267900000326335,4889715.647299999371171,-0.5212041,1076,18.0113983,2021,1,1,15.3,390,0.056,27.2
34,22,557425.192099999636412,4889713.961300000548363,-0.7914205,1074,17.6701565,2021,1,1,15.3,390,0.056,27.2
35,26,557423.049599999561906,4889710.583499999716878,-0.5422057,1070,17.9837284,2021,1,1,15.3,390,0.056,27.2
36,28,557421.991600000299513,4889708.886299999430776,-0.3538719,1068,18.2327442,2021,1,1,15.3,390,0.056,27.2
37,30,557420.933600000105798,4889707.188999999314547,-0.5516332,1066,17.9745064,2021,1,1,15.3,390,0.056,27.2
38,36,557417.759600000455976,4889702.097300000488758,-0.5669119,1060,17.9560604,2021,1,1,15.3,390,0.056,27.2
39,46,557411.883500000461936,4889694.096200000494719,-0.598437,1050,17.9099464,2021,1,1,15.3,390,0.056,27.2
40,58,557403.290199999697506,4889685.797800000756979,-0.4868911,1038,18.0667343,2021,1,1,15.3,390,0.056,27.2
41,60,557402.497000000439584,4889683.961799999698997,-0.5982488,1036,17.9191704,2021,1,1,15.3,390,0.056,27.2
42,82,557388.664200000464916,4889667.792300000786781,-0.7020397,1014,17.7808285,2021,1,1,15.3,390,0.056,27.2
43,84,557386.761099999770522,4889667.189500000327826,-0.6041003,1012,17.9007244,2021,1,1,15.3,390,0.056,27.2
44,88,557382.934999999590218,4889666.022900000214577,-0.7374996,1008,17.7439384,2021,1,1,15.3,390,0.056,27.2
45,92,557379.012000000104308,4889665.291799999773502,-0.7158288,1004,17.7623844,2021,1,1,15.3,390,0.056,27.2
46,94,557377.032100000418723,4889665.008899999782443,-0.7611832,1002,17.7070465,2021,1,1,15.3,390,0.056,27.2
47,96,557375.052199999801815,4889664.726099999621511,-0.7134368,1000,17.7716064,2021,1,1,15.3,390,0.056,27.2
48,98,557373.113499999977648,4889664.253599999472499,-0.6975809,998,17.7900505,2021,1,1,15.3,390,0.056,27.2
49,106,557365.437599999830127,4889661.999500000849366,-0.8629677,990,17.5687046,2021,1,1,15.3,390,0.056,27.2
50,108,557363.570600000210106,4889661.313799999654293,-0.8476995,988,17.5871506,2021,1,1,15.3,390,0.056,27.2
51,110,557361.834099999628961,4889660.321499999612570,-0.9128012,986,17.5133686,2021,1,1,15.3,390,0.056,27.2
52,112,557359.956000000238419,4889659.707499999552965,-0.9090973,984,17.5133686,2021,1,1,15.3,390,0.056,27.2
53,114,557357.994800000451505,4889659.315300000831485,-0.8825917,982,17.5502605,2021,1,1,15.3,390,0.056,27.2
54,116,557356.095499999821186,4889658.720499999821186,-1.0640379,980,17.3104687,2021,1,1,15.3,390,0.056,27.2
55,118,557354.249300000257790,4889657.951300000771880,-0.9358708,978,17.4764767,2021,1,1,15.3,390,0.056,27.2
56,120,557352.403199999593198,4889657.182000000029802,-0.8877136,976,17.5410385,2021,1,1,15.3,390,0.056,27.2
57,122,557350.427000000141561,4889656.967700000852346,-0.9011099,974,17.5225925,2021,1,1,15.3,390,0.056,27.2
58,126,557346.435600000433624,4889656.706100000068545,-0.8904397,970,17.5502605,2021,1,1,15.3,390,0.056,27.2
59,128,557344.439899999648333,4889656.575300000607967,-0.9783525,968,17.4303646,2021,1,1,15.3,390,0.056,27.2
60,130,557342.721199999563396,4889655.701400000602007,-0.9177671,966,17.5041466,2021,1,1,15.3,390,0.056,27.2
61,134,557339.532800000160933,4889653.286000000312924,-0.7025303,962,17.7808285,2021,1,1,15.3,390,0.056,27.2
62,136,557337.938599999994040,4889652.078299999237061,-0.5059834,960,18.0390644,2021,1,1,15.3,390,0.056,27.2
63,138,557336.344499999657273,4889650.870600000023842,-0.337817,958,18.2511883,2021,1,1,15.3,390,0.056,27.2
64,140,557334.602400000207126,4889650.102900000289083,-0.3318256,956,18.2419662,2021,1,1,15.3,390,0.056,27.2
65,142,557332.602400000207126,4889650.102900000289083,-0.4124127,954,18.1497383,2021,1,1,15.3,390,0.056,27.2
66,144,557330.602400000207126,4889650.102900000289083,-0.4501069,952,18.0944004,2021,1,1,15.3,390,0.056,27.2
67,146,557328.626199999824166,4889649.897500000894070,-0.484438,950,18.0575104,2021,1,1,15.3,390,0.056,27.2
68,148,557326.678999999538064,4889649.440700000151992,-0.4370126,948,18.1312923,2021,1,1,15.3,390,0.056,27.2
69,1018,556647.114599999971688,4889887.820399999618530,0.5542517,78,19.3855877,2021,1,1,15.3,390,0.056,27.2
70,1028,556637.953800000250340,4889883.810399999842048,0.3056899,68,19.0904579,2021,1,1,15.3,390,0.056,27.2
71,1074,556595.814199999906123,4889865.364399999380112,-0.3391213,22,18.2511883,2021,1,1,15.3,390,0.056,27.2
72,1076,556593.982099999673665,4889864.562400000169873,-0.4080956,20,18.1589622,2021,1,1,15.3,390,0.056,27.2
73,1078,556592.149899999611080,4889863.760399999096990,-0.5660437,18,17.9560604,2021,1,1,15.3,390,0.056,27.2
74,1080,556590.247000000439584,4889863.152499999850988,-0.5250085,16,18.0113983,2021,1,1,15.3,390,0.056,27.2
75,1082,556588.328700000420213,4889862.586500000208616,-0.6041764,14,17.9007244,2021,1,1,15.3,390,0.056,27.2
76,1084,556586.410400000400841,4889862.020600000396371,-0.6058888,12,17.9007244,2021,1,1,15.3,390,0.056,27.2
77,1086,556584.492200000211596,4889861.454700000584126,-0.7224856,10,17.7531605,2021,1,1,15.3,390,0.056,27.2
78,1088,556582.573900000192225,4889860.888800000771880,-0.7886668,8,17.6701565,2021,1,1,15.3,390,0.056,27.2
79,1090,556580.655700000002980,4889860.322799999266863,-0.7357959,6,17.7347145,2021,1,1,15.3,390,0.056,27.2
80,1092,556578.737399999983609,4889859.756899999454618,-0.6476203,4,17.8546104,2021,1,1,15.3,390,0.056,27.2
81,1094,556576.819099999964237,4889859.190999999642372,-0.7159883,2,17.7623844,2021,1,1,15.3,390,0.056,27.2
82,1096,556574.900899999774992,4889858.625099999830127,-0.6663417,0,17.8177204,2021,1,1,15.3,390,0.056,27.2
83,438,557192.223899999633431,4889844.031899999827147,-0.5560636,658,17.9560604,2021,1,1,15.3,390,0.056,27.2
84,440,557190.528099999763072,4889845.052400000393391,-0.3128441,656,18.2696342,2021,1,1,15.3,390,0.056,27.2
85,442,557189.035400000400841,4889846.383500000461936,0.9991829,654,19.9573956,2021,1,1,15.3,390,0.056,27.2
86,356,557230.950299999676645,4889775.402200000360608,-0.515739,740,18.0206184,2021,1,1,15.3,390,0.056,27.2
87,358,557230.422600000165403,4889777.331199999898672,-0.6131455,738,17.9099464,2021,1,1,15.3,390,0.056,27.2
88,360,557229.855000000447035,4889779.248999999836087,-0.3697224,736,18.2142982,2021,1,1,15.3,390,0.056,27.2
89,844,556810.110399999655783,4889935.502000000327826,0.318082,252,19.0904579,2021,1,1,15.3,390,0.056,27.2
90,846,556808.116999999620020,4889935.340299999341369,0.1738922,250,18.906004,2021,1,1,15.3,390,0.056,27.2
91,848,556806.123499999754131,4889935.178700000047684,0.0914715,248,18.8045521,2021,1,1,15.3,390,0.056,27.2
92,850,556804.128600000403821,4889935.083300000056624,0.1478673,246,18.878334,2021,1,1,15.3,390,0.056,27.2
93,852,556802.129999999888241,4889935.157299999147654,0.1139968,244,18.832222,2021,1,1,15.3,390,0.056,27.2
94,854,556800.131299999542534,4889935.231399999931455,0.0200266,242,18.703104,2021,1,1,15.3,390,0.056,27.2
95,856,556798.132699999958277,4889935.305400000885129,0.004985,240,18.6846581,2021,1,1,15.3,390,0.056,27.2
96,858,556796.134100000374019,4889935.379399999976158,-0.0274213,238,18.6477661,2021,1,1,15.3,390,0.056,27.2
97,860,556794.135499999858439,4889935.453500000759959,0.0659326,236,18.75844,2021,1,1,15.3,390,0.056,27.2
98,862,556792.136800000444055,4889935.527499999850988,0.0863935,234,18.79533,2021,1,1,15.3,390,0.056,27.2
99,864,556790.143899999558926,4889935.418500000610948,0.0807025,232,18.7861061,2021,1,1,15.3,390,0.056,27.2
100,866,556788.153900000266731,4889935.219499999657273,0.0801261,230,18.7861061,2021,1,1,15.3,390,0.056,27.2
101,868,556786.163800000213087,4889935.020500000566244,0.1567696,228,18.878334,2021,1,1,15.3,390,0.056,27.2
102,870,556784.173700000159442,4889934.821499999612570,0.0944847,226,18.8045521,2021,1,1,15.3,390,0.056,27.2
103,872,556782.183600000105798,4889934.622400000691414,0.1746534,224,18.906004,2021,1,1,15.3,390,0.056,27.2
104,874,556780.193599999882281,4889934.423399999737740,0.1900125,222,18.9244499,2021,1,1,15.3,390,0.056,27.2
105,878,556776.236499999649823,4889934.256400000303984,0.1792528,218,18.915226,2021,1,1,15.3,390,0.056,27.2
106,880,556774.324900000356138,4889934.844599999487400,0.1529575,216,18.878334,2021,1,1,15.3,390,0.056,27.2
107,886,556768.590200000442564,4889936.609099999070168,1.7342508,210,20.8243351,2021,1,1,15.3,390,0.056,27.2
108,888,556766.678700000047684,4889937.197300000116229,0.207818,208,18.942894,2021,1,1,15.3,390,0.056,27.2
109,890,556764.767099999822676,4889937.785499999299645,0.1008219,206,18.813776,2021,1,1,15.3,390,0.056,27.2
110,892,556762.896099999547005,4889937.510999999940395,0.1308119,204,18.850668,2021,1,1,15.3,390,0.056,27.2
111,894,556761.048000000417233,4889936.746300000697374,0.0381772,202,18.7307701,2021,1,1,15.3,390,0.056,27.2
112,896,556759.200000000186265,4889935.981599999591708,-0.0995047,200,18.5555382,2021,1,1,15.3,390,0.056,27.2
113,898,556757.351999999955297,4889935.216900000348687,0.0506048,198,18.7492161,2021,1,1,15.3,390,0.056,27.2
114,908,556748.111800000071526,4889931.393400000408292,0.4447432,188,19.2656898,2021,1,1,15.3,390,0.056,27.2
115,918,556738.871600000187755,4889927.569900000467896,0.6538591,178,19.5239277,2021,1,1,15.3,390,0.056,27.2
116,930,556727.783400000073016,4889922.981599999591708,0.0217045,166,18.7123241,2021,1,1,15.3,390,0.056,27.2
117,932,556725.935399999842048,4889922.216900000348687,-0.1440972,164,18.5002022,2021,1,1,15.3,390,0.056,27.2
118,934,556724.087399999611080,4889921.452199999243021,-0.1452455,162,18.5002022,2021,1,1,15.3,390,0.056,27.2
119,936,556722.239299999549985,4889920.687500000000000,-0.0833497,160,18.5739841,2021,1,1,15.3,390,0.056,27.2
120,938,556720.400799999944866,4889919.900399999693036,-0.0558193,158,18.6108761,2021,1,1,15.3,390,0.056,27.2
121,940,556718.568699999712408,4889919.098400000482798,-0.1804106,156,18.4448662,2021,1,1,15.3,390,0.056,27.2
122,942,556716.736499999649823,4889918.296399999409914,-0.0022667,154,18.6846581,2021,1,1,15.3,390,0.056,27.2
123,944,556714.904400000348687,4889917.494400000199676,0.1277054,152,18.887558,2021,1,1,15.3,390,0.056,27.2
124,776,556876.806300000287592,4889928.987299999222159,0.2859529,320,19.0535679,2021,1,1,15.3,390,0.056,27.2
125,778,556874.821700000204146,4889929.234300000593066,0.3359133,318,19.1181259,2021,1,1,15.3,390,0.056,27.2
126,780,556872.837000000290573,4889929.481200000271201,0.2937714,316,19.0627899,2021,1,1,15.3,390,0.056,27.2
127,782,556870.868300000205636,4889929.800499999895692,0.1504069,314,18.878334,2021,1,1,15.3,390,0.056,27.2
128,784,556868.965400000102818,4889930.416200000792742,0.1889358,312,18.9244499,2021,1,1,15.3,390,0.056,27.2
129,786,556867.062500000000000,4889931.031799999997020,0.1650587,310,18.89678,2021,1,1,15.3,390,0.056,27.2
130,798,556855.645200000144541,4889934.725600000470877,0.0779741,298,18.7861061,2021,1,1,15.3,390,0.056,27.2
131,800,556853.718399999663234,4889935.252199999988079,0.172102,296,18.915226,2021,1,1,15.3,390,0.056,27.2
132,802,556851.762799999676645,4889935.671299999579787,0.263376,294,19.0166759,2021,1,1,15.3,390,0.056,27.2
133,804,556849.807199999690056,4889936.090399999171495,0.2183649,292,18.970562,2021,1,1,15.3,390,0.056,27.2
134,806,556847.851599999703467,4889936.509400000795722,0.2132023,290,18.952116,2021,1,1,15.3,390,0.056,27.2
135,808,556845.895999999716878,4889936.928500000387430,0.1044885,288,18.813776,2021,1,1,15.3,390,0.056,27.2
136,810,556843.940399999730289,4889937.347599999979138,0.0488751,286,18.739994,2021,1,1,15.3,390,0.056,27.2
137,812,556841.984799999743700,4889937.766599999740720,-0.0194756,284,18.6569881,2021,1,1,15.3,390,0.056,27.2
138,814,556840.012299999594688,4889937.926400000229478,0.0435686,282,18.739994,2021,1,1,15.3,390,0.056,27.2
139,816,556838.018799999728799,4889937.764799999073148,0.0664569,280,18.767662,2021,1,1,15.3,390,0.056,27.2
140,818,556836.025399999693036,4889937.603199999779463,-0.0954798,278,18.5647602,2021,1,1,15.3,390,0.056,27.2
141,638,557013.585500000044703,4889914.788000000640750,-0.3443517,458,18.2419662,2021,1,1,15.3,390,0.056,27.2
142,640,557011.602300000376999,4889915.046399999409914,-0.3954144,456,18.1774063,2021,1,1,15.3,390,0.056,27.2
143,642,557009.631699999794364,4889915.385500000789762,-0.480071,454,18.0667343,2021,1,1,15.3,390,0.056,27.2
144,644,557007.664599999785423,4889915.746799999848008,-0.5292671,452,18.0021744,2021,1,1,15.3,390,0.056,27.2
145,646,557005.697599999606609,4889916.108200000599027,-0.3811841,450,18.1958523,2021,1,1,15.3,390,0.056,27.2
146,650,557001.763399999588728,4889916.831000000238419,-0.4795165,446,18.0667343,2021,1,1,15.3,390,0.056,27.2
147,654,556997.829199999570847,4889917.553799999877810,-0.5989701,442,17.9099464,2021,1,1,15.3,390,0.056,27.2
148,656,556995.862200000323355,4889917.915200000628829,-0.527952,440,18.0021744,2021,1,1,15.3,390,0.056,27.2
149,658,556993.895100000314415,4889918.276599999517202,-0.5252553,438,18.0113983,2021,1,1,15.3,390,0.056,27.2
150,660,556991.917700000107288,4889918.278100000694394,-0.5017872,436,18.0390644,2021,1,1,15.3,390,0.056,27.2
151,662,556989.933100000023842,4889918.029999999329448,-0.4534847,434,18.0944004,2021,1,1,15.3,390,0.056,27.2
152,664,556987.948599999770522,4889917.781999999657273,-0.4925363,432,18.0298424,2021,1,1,15.3,390,0.056,27.2
153,672,556980.010400000028312,4889916.789699999615550,-0.5623623,424,17.9468365,2021,1,1,15.3,390,0.056,27.2
154,674,556978.025799999944866,4889916.541600000113249,-0.5687509,422,17.9560604,2021,1,1,15.3,390,0.056,27.2
155,676,556976.041100000031292,4889916.640100000426173,-0.4579489,420,18.0759563,2021,1,1,15.3,390,0.056,27.2
156,678,556974.056400000117719,4889916.887000000104308,-0.3536555,418,18.2327442,2021,1,1,15.3,390,0.056,27.2
