OID_,ORIG_FID,DIST_M,COUNT09,AREA09,MIN09,MAX09,RANGE09,MEAN09,STD09,SUM09,MEDIAN09,PCT90_09,COUNT19,AREA19,MIN19,MAX19,RANGE19,MEAN19,STD19,SUM19,MEDIAN19,PCT90_19,COUNT21,AREA21,MIN21,MAX21,RANGE21,MEAN21,STD21,SUM21,MEDIAN21,PCT90_21
1,1,2,8,2.88,-0.499946624,-0.354484856,0.145461768,-0.390850298,0.062986793,-3.126802385,-0.354484856,-0.354484856,813,3.041123241,1.022159457,2.069479227,1.04731977,1.454910103,0.229842886,1182.841914,1.429449081,1.793102145,592,3.052582207,1.280019283,2.880093336,1.600074053,2.130624535,0.411886475,1261.329725,2.167333603,2.631354523
2,2,4,8,2.88,-0.499946624,-0.20902583,0.290920794,-0.37266792,0.087200623,-2.981343359,-0.354484856,-0.310847148,835,3.123416859,0.163938016,1.342173219,1.178235203,0.738883629,0.287690532,616.9678304,0.702143013,1.138528347,606,3.124771652,1.876410127,3.738314867,1.86190474,2.85335392,0.400691065,1729.132475,2.938279152,3.316478729
3,3,6,8,2.88,-0.499946624,-0.20902583,0.290920794,-0.354485199,0.072730199,-2.835881591,-0.354484856,-0.310847148,837,3.130898097,0.003929785,1.211257815,1.20732803,0.198173658,0.22071135,165.8713518,0.120298654,0.527591109,608,3.135084429,2.109150648,3.214653492,1.105502844,2.797578049,0.266746973,1700.927454,2.880093336,3.098284721
4,4,8,9,3.24,-0.499946624,-0.20902583,0.290920794,-0.370647579,0.082411891,-3.335828215,-0.354484856,-0.325393051,837,3.130898097,0.033022694,0.527591109,0.494568415,0.238840191,0.118500536,199.9092398,0.222121075,0.411222219,607,3.12992804,1.600035787,2.472803831,0.872768044,2.160144542,0.213517225,1311.207737,2.225519419,2.385524988
5,5,10,9,3.24,-0.499946624,-0.20902583,0.290920794,-0.370647579,0.082411891,-3.335828215,-0.354484856,-0.325393051,836,3.127157478,0.193028152,1.109435439,0.916407287,0.621252727,0.211017686,519.3672794,0.585774124,0.934880733,606,3.124771652,0.567259669,2.036418438,1.469158769,1.403542396,0.330233829,850.5466921,1.410934687,1.847319961
6,6,12,8,2.88,-0.499946624,-0.20902583,0.290920794,-0.354485199,0.072730199,-2.835881591,-0.354484856,-0.310847148,835,3.123416859,0.425768673,1.254897237,0.829128563,0.988815602,0.202052134,825.6610276,1.051249623,1.196711421,608,3.135084429,0.581806123,1.207289815,0.625483692,0.923305411,0.136584341,561.36969,0.901819825,1.120013833
7,7,14,6,2.16,-0.499946624,-0.354484856,0.145461768,-0.378728484,0.0542104,-2.272370905,-0.354484856,-0.354484856,555,2.076043541,0.993066549,1.211257815,0.218191266,1.089542357,0.041653828,604.696008,1.080342531,1.153074861,401,2.067711934,0.043601122,0.930912733,0.887311611,0.561746591,0.202539396,225.2603829,0.581806123,0.814543843
8,9,18,1,0.36,-0.354484856,-0.354484856,0,-0.354484856,0,-0.354484856,-0.354484856,-0.354484856,121,0.452614898,0.993066549,1.153074861,0.160008311,1.087195251,0.030332608,131.5506253,1.094888926,1.123981953,86,0.443449442,-0.858259678,-0.66916132,0.189098358,-0.765570209,0.049851537,-65.83903795,-0.763710529,-0.698251486
9,10,20,9,3.24,-0.499946624,-0.20902583,0.290920794,-0.370647579,0.082411891,-3.335828215,-0.354484856,-0.325393051,837,3.130898097,1.007613063,1.240350723,0.23273766,1.158339226,0.054066073,969.5299321,1.167618513,1.225804329,610,3.145397207,-0.930989206,-0.71279794,0.218191266,-0.815193279,0.034296318,-497.2679002,-0.814620316,-0.770983756
10,11,22,8,2.88,-0.499946624,-0.20902583,0.290920794,-0.390850984,0.120609493,-3.126807868,-0.42721574,-0.20902583,837,3.130898097,0.803965449,1.342173219,0.538207769,1.048609074,0.132978033,877.6857953,1.051249623,1.225804329,604,3.114458874,-1.643751621,-0.727344394,0.916407228,-1.14528071,0.208801773,-691.749549,-1.120090365,-0.901899099
11,12,24,8,2.88,-0.645408392,-0.354484856,0.290923536,-0.481763903,0.087201266,-3.854111224,-0.499946624,-0.354484856,837,3.130898097,0.323943496,0.847604811,0.523661315,0.521021089,0.116589583,436.0946519,0.498498172,0.702143013,610,3.145397207,-0.989175022,-0.741890848,0.247284174,-0.892073493,0.055423485,-544.164831,-0.901899099,-0.800073862
12,13,26,8,2.88,-0.645408392,-0.354484856,0.290923536,-0.463581182,0.096213916,-3.708649457,-0.499946624,-0.354484856,837,3.130898097,0.207574621,0.600320578,0.392745957,0.407537004,0.112996552,341.1084725,0.411222219,0.57122767,605,3.119615263,-0.960082114,-0.698251486,0.261830628,-0.838327935,0.059318812,-507.1884009,-0.843713224,-0.756437302
13,14,28,8,2.88,-0.499946624,-0.354484856,0.145461768,-0.481763903,0.048106958,-3.854111224,-0.499946624,-0.456308094,840,3.142119954,-0.025163127,0.643959939,0.669123067,0.316532966,0.151458968,265.8876915,0.323943496,0.513044655,604,3.114458874,-0.916445553,-0.407330692,0.509114861,-0.631927814,0.116682964,-381.6843995,-0.632795185,-0.465513736
14,15,30,9,3.24,-0.645408392,-0.354484856,0.290923536,-0.451459368,0.096974512,-4.063134313,-0.499946624,-0.354484856,834,3.11967624,-0.374269724,0.134845108,0.509114832,-0.097125577,0.124986084,-81.00273118,-0.097892627,0.076659285,608,3.135084429,-1.090997458,-0.66916132,0.421836138,-0.886466777,0.079935676,-538.9718006,-0.872806132,-0.800073862
15,16,32,9,3.24,-0.645408392,-0.354484856,0.290923536,-0.54843388,0.118769036,-4.93590492,-0.645408392,-0.354484856,832,3.112195002,-0.621553957,-0.039709583,0.581844375,-0.308007455,0.137549463,-256.2622029,-0.308810681,-0.112439089,604,3.114458874,-1.192819834,-0.800073862,0.392745972,-0.923404339,0.070720075,-557.7362208,-0.901899099,-0.843713224
16,17,34,11,3.96,-0.645408392,-0.20902583,0.436382562,-0.433827888,0.113754911,-4.772106767,-0.499946624,-0.354484856,836,3.127157478,-0.883384585,-0.054253262,0.829131324,-0.458309662,0.169141357,-383.1468772,-0.446999252,-0.24335441,606,3.124771652,-0.960082114,-0.727344394,0.23273772,-0.854179147,0.041600031,-517.6325629,-0.858259678,-0.800073862
17,18,36,8,2.88,-0.499946624,-0.354484856,0.145461768,-0.42721574,0.072730884,-3.417725921,-0.42721574,-0.354484856,841,3.145860573,-0.767015696,-0.417906314,0.349109381,-0.609429091,0.058548025,-512.5298658,-0.621553957,-0.519731522,605,3.119615263,-1.032814384,-0.450967282,0.581847101,-0.843425198,0.137475908,-510.272245,-0.872806132,-0.625521958
18,19,38,9,3.24,-0.645408392,-0.499946624,0.145461768,-0.532271461,0.060474233,-4.790443152,-0.499946624,-0.499946624,831,3.108454383,-0.752469242,-0.563368082,0.18910116,-0.667712072,0.032424074,-554.8687322,-0.679736972,-0.621553957,604,3.114458874,-0.960082114,-0.727344394,0.23273772,-0.852961255,0.040290665,-515.188598,-0.843713224,-0.814620316
19,20,40,9,3.24,-0.645408392,-0.354484856,0.290923536,-0.499946624,0.096974512,-4.499519616,-0.499946624,-0.354484856,833,3.115935621,-0.694283426,-0.199715048,0.494568378,-0.599062062,0.074147739,-499.018698,-0.621553957,-0.519731522,609,3.140240818,-0.974628568,-0.625521958,0.34910661,-0.779939928,0.079270445,-474.9834162,-0.756437302,-0.683705032
20,21,42,9,3.24,-0.645408392,-0.354484856,0.290923536,-0.499946624,0.068571335,-4.499519616,-0.499946624,-0.47085427,841,3.145860573,-0.737922788,-0.446999252,0.290923536,-0.574646035,0.06326888,-483.2773153,-0.563368082,-0.505185068,604,3.114458874,-0.814620316,-0.305508256,0.50911206,-0.550575463,0.127828194,-332.5475794,-0.567336142,-0.378237754
21,22,44,8,2.88,-0.645408392,-0.354484856,0.290923536,-0.536312066,0.096213916,-4.290496528,-0.499946624,-0.456308094,836,3.127157478,-0.548821628,-0.083346173,0.465475455,-0.369675807,0.105620523,-309.0489749,-0.388816178,-0.199715048,608,3.135084429,-0.640068412,-0.305508256,0.334560156,-0.443623372,0.090121335,-269.7230099,-0.421877146,-0.334598392
22,23,46,7,2.52,-0.499946624,-0.354484856,0.145461768,-0.479166371,0.050901015,-3.3541646,-0.499946624,-0.441761917,726,2.715689388,-0.388816178,0.236667529,0.625483707,-0.100617856,0.152033393,-73.04856379,-0.112439089,0.120298654,528,2.72257332,-1.192819834,-0.538245976,0.654573858,-0.820213869,0.150661835,-433.0729228,-0.814620316,-0.625521958
23,28,56,4,1.44,-0.645408392,-0.499946624,0.145461768,-0.536312066,0.062986793,-2.145248264,-0.499946624,-0.499946624,370,1.384029027,0.367582858,2.476771832,2.109188974,1.238384715,0.477864047,458.2023447,1.211257815,1.894924641,264,1.36128666,-0.872806132,1.105467439,1.978273571,-0.343800839,0.423596497,-90.76342152,-0.465513736,0.305429012
24,29,58,6,2.16,-0.499946624,-0.354484856,0.145461768,-0.475702996,0.0542104,-2.854217976,-0.499946624,-0.42721574,553,2.068562303,-0.70882988,0.45485881,1.163688689,-0.321293005,0.291053366,-177.6750316,-0.388816178,0.120298654,400,2.062555546,-1.003721476,-0.509153068,0.494568408,-0.732435622,0.094227538,-292.9742489,-0.71279794,-0.625521958
25,30,60,4,1.44,-0.499946624,-0.499946624,0,-0.499946624,0,-1.999786496,-0.499946624,-0.499946624,397,1.48502574,-0.883384585,-0.505185068,0.378199518,-0.681240215,0.07329188,-270.4523654,-0.694283426,-0.577914596,293,1.510821937,-0.989175022,-0.800073862,0.18910116,-0.878316317,0.050353358,-257.3466809,-0.872806132,-0.814620316
26,34,68,1,0.36,-0.499946624,-0.499946624,0,-0.499946624,0,-0.499946624,-0.499946624,-0.499946624,19,0.071071761,-0.388816178,-0.156078458,0.23273772,-0.278571119,0.065617289,-5.292851269,-0.286993772,-0.193897021,12,0.061876666,-0.640068412,-0.567336142,0.07273227,-0.604914481,0.023348708,-7.258973777,-0.603702277,-0.581882596
27,35,70,5,1.8,-0.645408392,-0.499946624,0.145461768,-0.587223685,0.071261422,-2.936118424,-0.645408392,-0.499946624,424,1.586022453,-0.548821628,0.425768673,0.974590302,-0.089178989,0.220113549,-37.81189141,-0.097892627,0.236667529,309,1.593324159,-0.960082114,-0.509153068,0.450929046,-0.763780482,0.115468803,-236.0081688,-0.770983756,-0.59642905
28,38,76,4,1.44,-0.645408392,-0.354484856,0.290923536,-0.536312066,0.120610526,-2.145248264,-0.572677508,-0.398123387,4,0.014962476,-0.679736972,-0.621553957,0.058183014,-0.654282078,0.021513312,-2.617128313,-0.657918692,-0.63028183,1,0.005156389,-0.800073862,-0.800073862,0,-0.800073862,0,-0.800073862,-0.800073862,-0.800073862
29,39,78,10,3.6,-0.645408392,-0.354484856,0.290923536,-0.499946624,0.112674201,-4.99946624,-0.499946624,-0.354484856,494,1.847865782,-1.101575851,-0.650646865,0.450928986,-0.815923831,0.098808696,-403.0663727,-0.781559408,-0.70882988,362,1.866612769,-1.192819834,-0.683705032,0.509114802,-0.826274297,0.118414606,-299.1112955,-0.78553021,-0.71279794
30,40,80,9,3.24,-0.645408392,-0.354484856,0.290923536,-0.467621787,0.091428447,-4.208596081,-0.499946624,-0.354484856,811,3.033642003,-1.101575851,-0.752469242,0.34910661,-0.907848477,0.069971554,-736.2651151,-0.897931039,-0.82519877,595,3.068051374,-1.454650521,-0.901899099,0.552751422,-1.210789277,0.123417977,-720.4196196,-1.221912742,-1.032814384
31,41,82,9,3.24,-0.499946624,-0.499946624,0,-0.499946624,0,-4.499519616,-0.499946624,-0.499946624,835,3.123416859,-0.82519877,-0.577914596,0.247284174,-0.677438463,0.05199072,-565.6611163,-0.665190518,-0.621553957,609,3.140240818,-1.294642329,-1.06190455,0.23273778,-1.164779214,0.053078357,-709.3505414,-1.163726926,-1.090997458
32,42,84,8,2.88,-0.645408392,-0.499946624,0.145461768,-0.518129345,0.048106958,-4.14503476,-0.499946624,-0.499946624,835,3.123416859,-0.883384585,-0.330630362,0.552754223,-0.632667618,0.096625218,-528.277461,-0.621553957,-0.519731522,602,3.104146096,-1.309188724,-0.901899099,0.407289624,-1.151840103,0.094082941,-693.4077423,-1.178273439,-1.005176127
33,44,88,4,1.44,-0.499946624,-0.354484856,0.145461768,-0.42721574,0.072730884,-1.70886296,-0.42721574,-0.354484856,833,3.115935621,-0.854291677,-0.083346173,0.770945504,-0.571995202,0.187492926,-476.4720033,-0.650646865,-0.272447318,606,3.124771652,-1.4110111,-0.145500034,1.265511066,-0.930918324,0.252743901,-564.1365044,-0.960082114,-0.610975504
34,45,90,8,2.88,-0.645408392,-0.354484856,0.290923536,-0.463581182,0.096213916,-3.708649457,-0.499946624,-0.354484856,510,1.907715686,-1.247036219,-0.330630362,0.916405857,-0.827281157,0.256655049,-421.9133899,-0.84701845,-0.446999252,374,1.928489435,-1.454650521,-0.276415348,1.178235173,-1.039658382,0.209891118,-388.8322349,-1.032814384,-0.800073862
35,46,92,8,2.88,-0.499946624,-0.354484856,0.145461768,-0.42721574,0.072730884,-3.417725921,-0.42721574,-0.354484856,837,3.130898097,-1.40704453,-1.101575851,0.305468678,-1.309357342,0.056011345,-1095.932095,-1.319767118,-1.232491136,602,3.104146096,-1.178273439,-0.814620316,0.363653123,-1.00722464,0.076820092,-606.3492331,-1.003721476,-0.901899099
36,47,94,9,3.24,-0.499946624,-0.20902583,0.290920794,-0.354485161,0.068570689,-3.190366447,-0.354484856,-0.325393051,834,3.11967624,-1.319767118,-0.781559408,0.53820771,-1.098645228,0.110433771,-916.2701201,-1.101575851,-0.956114113,607,3.12992804,-1.425557613,-0.960082114,0.4654755,-1.178969482,0.109834512,-715.6344754,-1.178273439,-1.018267989
37,48,96,12,4.32,-0.499946624,-0.20902583,0.290920794,-0.378728713,0.080406535,-4.544744551,-0.354484856,-0.354484856,837,3.130898097,-1.436136007,-0.839745224,0.596390784,-1.138071066,0.133602618,-952.5654826,-1.116122365,-0.970660567,604,3.114458874,-1.396467447,-1.163726926,0.232740521,-1.289393521,0.063043287,-778.7936869,-1.280098557,-1.207366347
38,49,98,7,2.52,-0.499946624,-0.354484856,0.145461768,-0.375265109,0.050901015,-2.626855761,-0.354484856,-0.354484856,836,3.127157478,-1.276129127,-0.956114113,0.320015013,-1.090456998,0.066598877,-911.6220506,-1.087029457,-0.999753475,608,3.135084429,-1.294642329,-1.047358036,0.247284293,-1.187533378,0.063648223,-722.0202936,-1.178273439,-1.105543852
39,51,102,2,0.72,-0.499946624,-0.354484856,0.145461768,-0.42721574,0.072730884,-0.85443148,-0.42721574,-0.369031033,662,2.476289773,-1.712513089,-1.087029457,0.625483632,-1.329940778,0.127153947,-880.4207952,-1.29067564,-1.203398228,490,2.526630543,-1.367374539,-0.974628568,0.392745972,-1.166103215,0.0815815,-571.3905756,-1.149183273,-1.06190455
40,52,104,5,1.8,-0.499946624,-0.354484856,0.145461768,-0.38357721,0.058184707,-1.917886049,-0.354484856,-0.354484856,14,0.052368666,-1.494320512,-1.101575851,0.39274466,-1.311455488,0.179985412,-18.36037683,-1.450682521,-1.101575851,13,0.067033055,-1.396467447,-1.149183273,0.247284174,-1.284573161,0.107860351,-16.69945109,-1.367374539,-1.163726926
41,53,106,8,2.88,-0.499946624,-0.354484856,0.145461768,-0.390850298,0.062986793,-3.126802385,-0.354484856,-0.354484856,247,0.923932891,-1.305220723,-1.028843641,0.276377082,-1.183493078,0.073156275,-292.3227903,-1.188851833,-1.087029457,176,0.90752444,-1.600112319,-1.309188724,0.290923595,-1.47886666,0.085854572,-260.2805321,-1.483743429,-1.360101342
42,54,108,9,3.24,-0.645408392,-0.354484856,0.290923536,-0.419134531,0.09963184,-3.772210777,-0.354484856,-0.354484856,490,1.832903306,-1.319767118,-0.927021205,0.392745912,-1.139246865,0.087347259,-558.2309638,-1.145212412,-0.999753475,357,1.840830824,-1.483743429,-1.294642329,0.1891011,-1.383386995,0.041816743,-493.8691573,-1.381921053,-1.338281631
43,55,110,8,2.88,-0.499946624,-0.20902583,0.290920794,-0.354485542,0.102856033,-2.835884333,-0.354484856,-0.20902583,830,3.104713764,-1.319767118,-1.028843641,0.290923476,-1.174148177,0.06031203,-974.5429866,-1.17430532,-1.087029457,607,3.12992804,-1.585565805,-1.265552163,0.320013642,-1.454506975,0.072627163,-882.8857337,-1.469196916,-1.352828145
44,56,112,9,3.24,-0.354484856,-0.20902583,0.145459026,-0.305998514,0.068570042,-2.753986627,-0.354484856,-0.20902583,834,3.11967624,-1.479773998,-0.956114113,0.523659885,-1.267443088,0.110271109,-1057.047535,-1.276129127,-1.116122365,608,3.135084429,-1.643751621,-1.367374539,0.276377082,-1.513265743,0.05637845,-920.0655715,-1.512836337,-1.440104008
45,57,114,8,2.88,-0.354484856,-0.20902583,0.145459026,-0.281755343,0.072729513,-2.254042745,-0.281755343,-0.20902583,837,3.130898097,-1.17430532,-0.810652316,0.363653004,-1.034492949,0.082855898,-865.8705983,-1.043390036,-0.912474692,606,3.124771652,-1.891033053,-1.52737999,0.363653064,-1.638901852,0.062189239,-993.1745224,-1.629205227,-1.571019411
46,58,116,8,2.88,-0.499946624,-0.354484856,0.145461768,-0.372667577,0.048106958,-2.981340617,-0.354484856,-0.354484856,839,3.138379335,-1.421589613,-0.636100411,0.785489202,-1.09659957,0.199702158,-920.0470396,-1.087029457,-0.839745224,606,3.124771652,-1.745574117,-1.440104008,0.305470109,-1.614009914,0.066961249,-978.0900077,-1.629205227,-1.512836337
47,59,118,9,3.24,-0.354484856,-0.063564055,0.290920801,-0.305998209,0.096973448,-2.753983878,-0.354484856,-0.179933475,832,3.112195002,-1.479773998,-0.854291677,0.625482321,-1.206457883,0.147759787,-1003.772958,-1.217944741,-0.985207021,605,3.119615263,-1.716481209,-1.425557613,0.290923595,-1.564744544,0.064345365,-946.6704494,-1.571019411,-1.469196916
48,60,120,9,3.24,-0.354484856,-0.063564055,0.290920801,-0.209025219,0.0969736,-1.881226972,-0.20902583,-0.063564055,836,3.127157478,-1.145212412,-0.70882988,0.436382532,-0.870960145,0.090665145,-728.1226814,-0.84701845,-0.767015696,610,3.145397207,-1.934672475,-1.381921053,0.552751422,-1.75511156,0.120319431,-1070.618052,-1.760120511,-1.598657668
49,61,122,10,3.6,-0.354484856,-0.20902583,0.145459026,-0.252663538,0.0666577,-2.526635379,-0.20902583,-0.20902583,830,3.104713764,-1.232491136,-0.59246105,0.640030086,-1.006377091,0.16611063,-835.2929857,-1.072482944,-0.737922788,605,3.119615263,-1.934672475,-1.425557613,0.509114861,-1.646707489,0.128623024,-996.2580307,-1.614658713,-1.512836337
50,63,126,5,1.8,-0.354484856,-0.063564055,0.290920801,-0.179932925,0.108852744,-0.899664626,-0.20902583,-0.063564055,838,3.134638716,-0.82519877,-0.432452798,0.392745972,-0.636828573,0.104833273,-533.6623443,-0.650646865,-0.47609216,604,3.114458874,-1.760120511,-1.367374539,0.392745972,-1.568876365,0.072052987,-947.6013247,-1.585565805,-1.45901444
51,64,128,8,2.88,-0.20902583,-0.063564055,0.145461775,-0.081746777,0.04810696,-0.653974213,-0.063564055,-0.063564055,776,2.902720338,-0.679736972,0.556681216,1.236418188,-0.430822958,0.179155092,-334.3186154,-0.446999252,-0.272447318,559,2.882421375,-1.760120511,-1.338281631,0.42183888,-1.570863589,0.10559126,-878.1127464,-1.571019411,-1.425557613
52,65,130,6,2.16,-0.20902583,-0.063564055,0.145461775,-0.160538572,0.068571339,-0.963231429,-0.20902583,-0.063564055,61,0.228177759,-0.301537454,3.407722712,3.709260166,0.73028228,0.975093407,44.54721907,0.251213968,2.273124218,44,0.22688111,-1.585565805,-1.396467447,0.189098358,-1.470849698,0.056610708,-64.71738672,-1.469196916,-1.400830543
53,66,132,1,0.36,-0.354484856,-0.354484856,0,-0.354484856,0,-0.354484856,-0.354484856,-0.354484856,484,1.810459592,-0.70882988,1.313080311,2.021910191,-0.157790509,0.487738674,-76.37060637,-0.345176816,0.606139159,348,1.794423325,-1.832849979,-1.367374539,0.46547544,-1.582640017,0.112414328,-550.7587259,-1.600112319,-1.425557613
54,67,134,9,3.24,-0.354484856,-0.20902583,0.145459026,-0.322160628,0.060473093,-2.899445653,-0.354484856,-0.20902583,838,3.134638716,-0.781559408,-0.228807956,0.552751452,-0.559376559,0.120759046,-468.7575568,-0.563368082,-0.388816178,606,3.124771652,-1.861942887,-1.396467447,0.46547544,-1.625291584,0.115669594,-984.9266998,-1.643751621,-1.454650521
55,68,136,9,3.24,-0.354484856,-0.20902583,0.145459026,-0.322160628,0.060473093,-2.899445653,-0.354484856,-0.20902583,597,2.233149538,-0.810652316,0.149391562,0.960043877,-0.585979949,0.193313258,-349.8300297,-0.665190518,-0.286993772,434,2.237872767,-1.745574117,-1.469196916,0.276377201,-1.60544102,0.056201681,-696.7614028,-1.600112319,-1.541926503
56,69,138,8,2.88,-0.499946624,-0.20902583,0.290920794,-0.354485542,0.102856033,-2.835884333,-0.354484856,-0.20902583,144,0.538649135,-0.534277976,-0.374269724,0.160008252,-0.468213117,0.037787385,-67.42268878,-0.47609216,-0.407725757,104,0.536264442,-1.556472898,-1.323735237,0.23273766,-1.441643172,0.052753046,-149.9308898,-1.447377264,-1.367374539
57,70,140,9,3.24,-0.645408392,-0.354484856,0.290923536,-0.402972112,0.096974512,-3.626749009,-0.354484856,-0.354484856,841,3.145860573,-0.679736972,-0.228807956,0.450929016,-0.395976024,0.095944345,-333.0158365,-0.388816178,-0.272447318,606,3.124771652,-1.454650521,-0.494606644,0.960043877,-1.100743145,0.269473094,-667.0503459,-1.178273439,-0.66916132
58,71,142,9,3.24,-0.499946624,-0.354484856,0.145461768,-0.435296949,0.072280534,-3.917672545,-0.499946624,-0.354484856,836,3.127157478,-0.767015696,-0.228807956,0.53820774,-0.555625896,0.14235891,-464.503249,-0.59246105,-0.345176816,606,3.124771652,-0.974628568,-0.465513736,0.509114832,-0.753988371,0.095850656,-456.9169526,-0.741890848,-0.654614866
59,72,144,8,2.88,-0.499946624,-0.20902583,0.290920794,-0.372668263,0.113550068,-2.981346101,-0.354484856,-0.20902583,832,3.112195002,-1.188851833,-0.47609216,0.712759674,-0.828835616,0.159819601,-689.5912325,-0.810652316,-0.607007504,608,3.135084429,-1.018267989,0.072691254,1.090959243,-0.435656498,0.321897218,-264.8791509,-0.421877146,-0.014584702
60,73,146,8,2.88,-0.499946624,-0.20902583,0.290920794,-0.336302821,0.087200266,-2.690422565,-0.354484856,-0.20902583,840,3.142119954,-1.203398228,-0.781559408,0.42183882,-1.024862038,0.067951679,-860.8841117,-1.01429987,-0.941567659,603,3.109302485,-0.930989206,0.0581448,0.989134006,-0.412492218,0.270334841,-248.7328076,-0.392784238,-0.072767749
61,74,148,9,3.24,-0.499946624,-0.20902583,0.290920794,-0.386809998,0.091427854,-3.481289983,-0.354484856,-0.325393051,834,3.11967624,-1.130668759,-0.679736972,0.450931787,-0.980584607,0.075983597,-817.8075619,-0.999753475,-0.883384585,609,3.140240818,-1.018267989,-0.276415348,0.741852641,-0.593276653,0.190715435,-361.3054819,-0.567336142,-0.3636913
62,75,150,8,2.88,-0.499946624,-0.20902583,0.290920794,-0.336302821,0.087200266,-2.690422565,-0.354484856,-0.20902583,841,3.145860573,-1.203398228,-0.897931039,0.305467188,-1.067259568,0.045624165,-897.5652968,-1.057936549,-1.01429987,609,3.140240818,-0.960082114,-0.276415348,0.683666766,-0.665362364,0.162468688,-405.2056797,-0.71279794,-0.421877146
63,76,152,11,3.96,-0.499946624,-0.20902583,0.290920794,-0.433827888,0.095357569,-4.772106767,-0.499946624,-0.354484856,832,3.112195002,-1.203398228,-0.694283426,0.509114802,-0.915745178,0.109759465,-761.8999878,-0.912474692,-0.781559408,607,3.12992804,-1.149183273,-0.3636913,0.785491973,-0.733359541,0.198712003,-445.1492415,-0.727344394,-0.465513736
64,77,154,9,3.24,-0.499946624,-0.354484856,0.145461768,-0.419134531,0.072280534,-3.772210777,-0.354484856,-0.354484856,835,3.123416859,-0.956114113,-0.767015696,0.189098418,-0.834327285,0.038056054,-696.6632833,-0.82519877,-0.781559408,608,3.135084429,-1.047358036,-0.509153068,0.538204968,-0.692462697,0.131071311,-421.0173196,-0.66916132,-0.538245976
65,78,156,8,2.88,-0.499946624,-0.354484856,0.145461768,-0.42721574,0.072730884,-3.417725921,-0.42721574,-0.354484856,835,3.123416859,-1.130668759,-0.752469242,0.378199518,-0.954999251,0.078996814,-797.424375,-0.941567659,-0.868838131,604,3.114458874,-1.076450944,-0.741890848,0.334560096,-0.894311849,0.076758386,-540.1643569,-0.887352586,-0.800073862
66,79,158,8,2.88,-0.499946624,-0.20902583,0.290920794,-0.354485542,0.102856033,-2.835884333,-0.354484856,-0.20902583,839,3.138379335,-1.087029457,-0.519731522,0.567297935,-0.807705554,0.131626456,-677.6649595,-0.781559408,-0.650646865,608,3.135084429,-0.974628568,-0.814620316,0.160008252,-0.889027124,0.02869469,-540.5284916,-0.887352586,-0.843713224
67,80,160,9,3.24,-0.645408392,-0.354484856,0.290923536,-0.451459368,0.118769036,-4.063134313,-0.354484856,-0.354484856,830,3.104713764,-0.796105862,-0.156078458,0.640027404,-0.498524717,0.138750207,-413.7755149,-0.490638614,-0.301537454,604,3.114458874,-1.323735237,-0.770983756,0.552751482,-0.991823857,0.131542487,-599.0616097,-0.974628568,-0.82916677
68,81,162,9,3.24,-0.645408392,-0.354484856,0.290923536,-0.467621787,0.091428447,-4.208596081,-0.499946624,-0.354484856,836,3.127157478,-1.159758925,-0.388816178,0.770942748,-0.853438807,0.189918383,-713.4748425,-0.868838131,-0.59246105,607,3.12992804,-1.06190455,-0.625521958,0.436382592,-0.893510725,0.089150289,-542.3610104,-0.901899099,-0.770983756
69,82,164,9,3.24,-0.499946624,-0.20902583,0.290920794,-0.419134835,0.099631197,-3.772213519,-0.499946624,-0.325393051,834,3.11967624,-1.159758925,-0.723376334,0.436382592,-0.992287726,0.092353295,-827.5679638,-0.985207021,-0.854291677,608,3.135084429,-0.858259678,-0.276415348,0.58184433,-0.622555044,0.170642451,-378.5134667,-0.647341639,-0.378237754
70,83,166,9,3.24,-0.499946624,-0.354484856,0.145461768,-0.451459368,0.068571335,-4.063134313,-0.499946624,-0.354484856,834,3.11967624,-1.043390036,-0.607007504,0.436382532,-0.875901397,0.131992461,-730.5017647,-0.897931039,-0.665190518,605,3.119615263,-0.887352586,-0.261868894,0.625483692,-0.52285724,0.140949292,-316.3286305,-0.48006019,-0.3636913
71,84,168,8,2.88,-0.79087019,-0.354484856,0.436385334,-0.463581186,0.158513294,-3.708649486,-0.354484856,-0.354484856,836,3.127157478,-0.985207021,-0.665190518,0.320016503,-0.793897049,0.067191381,-663.6979331,-0.781559408,-0.723376334,605,3.119615263,-0.654614866,-0.290961802,0.363653064,-0.438802438,0.08166413,-265.4754747,-0.421877146,-0.349144846
72,85,170,8,2.88,-0.645408392,-0.354484856,0.290923536,-0.481763903,0.087201266,-3.854111224,-0.499946624,-0.354484856,835,3.123416859,-1.01429987,-0.737922788,0.276377082,-0.902459108,0.055159668,-753.5533555,-0.912474692,-0.82519877,606,3.124771652,-0.640068412,-0.145500034,0.494568378,-0.420075809,0.096128739,-254.56594,-0.421877146,-0.290961802
73,86,172,9,3.24,-0.499946624,-0.354484856,0.145461768,-0.435296949,0.072280534,-3.917672545,-0.499946624,-0.354484856,831,3.108454383,-1.130668759,-0.694283426,0.436385334,-0.872023328,0.111629659,-724.6513853,-0.854291677,-0.723376334,609,3.140240818,-0.66916132,-0.174592942,0.494568378,-0.404057625,0.11373295,-246.0710933,-0.392784238,-0.258959603
74,87,174,8,2.88,-0.499946624,-0.354484856,0.145461768,-0.445398461,0.070421376,-3.563187689,-0.499946624,-0.354484856,836,3.127157478,-1.276129127,-0.854291677,0.421837449,-1.040676663,0.110778523,-870.0056899,-1.057936549,-0.883384585,606,3.124771652,-0.625521958,-0.116407119,0.509114839,-0.353994115,0.117685678,-214.5204334,-0.349144846,-0.189139396
75,88,176,9,3.24,-0.499946624,-0.354484856,0.145461768,-0.402972112,0.068571335,-3.626749009,-0.354484856,-0.354484856,832,3.112195002,-1.261582732,-0.941567659,0.320015073,-1.106785635,0.044094189,-920.8456487,-1.101575851,-1.044844687,608,3.135084429,-0.71279794,0.087237716,0.800035655,-0.370892773,0.200236945,-225.5028059,-0.414603919,-0.058224067
76,89,178,5,1.8,-0.354484856,-0.354484856,0,-0.354484856,0,-1.772424281,-0.354484856,-0.354484856,835,3.123416859,-1.01429987,-0.694283426,0.320016444,-0.843664757,0.051099501,-704.460072,-0.839745224,-0.796105862,603,3.109302485,-0.727344394,-0.043677613,0.683666781,-0.413529486,0.15107192,-249.3582803,-0.421877146,-0.203683078
77,110,220,4,1.44,-0.499946624,-0.20902583,0.290920794,-0.354485542,0.102856033,-1.417942166,-0.354484856,-0.252663538,845,3.160823049,-0.970660567,-0.636100411,0.334560156,-0.763984674,0.078132222,-645.5670495,-0.767015696,-0.671009099,606,3.124771652,-0.378237754,0.087237716,0.46547547,-0.239761441,0.10166025,-145.2954332,-0.261868894,-0.087314203
78,111,222,9,3.24,-0.499946624,-0.20902583,0.290920794,-0.402972417,0.096973903,-3.626751751,-0.354484856,-0.325393051,837,3.130898097,-0.854291677,-0.097892627,0.75639905,-0.505862187,0.18475582,-423.4066505,-0.519731522,-0.257900864,606,3.124771652,-0.290961802,0.247245952,0.538207754,0.033638371,0.14833337,20.38485301,0.0581448,0.218153045
79,112,224,9,3.24,-0.499946624,-0.20902583,0.290920794,-0.354485161,0.068570689,-3.190366447,-0.354484856,-0.325393051,522,1.952603114,-0.156078458,1.385812521,1.541890979,0.221815253,0.26003032,115.7875623,0.178484485,0.555226851,382,1.969740546,0.261792392,1.381844521,1.120052129,0.549287081,0.226908827,209.8276651,0.465437233,0.872729659
80,113,226,8,2.88,-0.645408392,-0.20902583,0.436382562,-0.390850641,0.12061001,-3.126805127,-0.354484856,-0.310847148,349,1.305476028,-0.039709583,1.283987403,1.323696986,0.375251996,0.285041443,130.9629466,0.323943496,0.774875283,251,1.294253605,-0.349144846,0.741814315,1.090959162,0.141424092,0.255972722,35.49744704,0.159969985,0.479983687
81,114,228,6,2.16,-0.499946624,-0.20902583,0.290920794,-0.378728941,0.099958263,-2.272373646,-0.354484856,-0.281755343,839,3.138379335,-0.490638614,0.251213968,0.741852582,-0.199923849,0.15605989,-167.7361095,-0.185168594,0.003929785,608,3.135084429,-0.494606644,-0.029131157,0.465475487,-0.377065494,0.086867167,-229.2558203,-0.407330692,-0.24732244
82,137,274,8,2.88,-0.354484856,-0.20902583,0.145459026,-0.336302478,0.048106051,-2.690419823,-0.354484856,-0.310847148,835,3.123416859,-0.35972327,-0.039709583,0.320013687,-0.185622739,0.070116407,-154.9949867,-0.185168594,-0.097892627,604,3.114458874,-0.66916132,0.0581448,0.72730612,-0.392976471,0.167335853,-237.3577887,-0.450967282,-0.116407119
83,138,276,3,1.08,-0.499946624,-0.354484856,0.145461768,-0.451459368,0.068571335,-1.354378104,-0.499946624,-0.38357721,837,3.130898097,-0.446999252,0.091205746,0.538204998,-0.268987996,0.098222168,-225.1429529,-0.286993772,-0.141532004,610,3.145397207,-0.741890848,0.290885329,1.032776177,-0.143735011,0.218348447,-87.67835694,-0.087314203,0.072691254
84,139,278,1,0.36,-0.499946624,-0.499946624,0,-0.499946624,0,-0.499946624,-0.499946624,-0.499946624,703,2.629655152,-0.490638614,1.720372677,2.211011291,0.117484838,0.566144907,82.59184094,-0.112439089,1.062886739,509,2.624601932,-0.087314203,2.676448584,2.763762787,0.685115311,0.612538407,348.7236933,0.581806123,1.573852181
85,144,288,5,1.8,-0.499946624,-0.354484856,0.145461768,-0.38357721,0.058184707,-1.917886049,-0.354484856,-0.354484856,7,0.026184333,0.003929785,0.003929785,0,0.003929785,0,0.027508495,0.003929785,0.003929785,6,0.030938333,0.014508209,0.145423532,0.130915322,0.09693581,0.048000059,0.581614858,0.101784166,0.145423532
86,155,310,6,2.16,-0.499946624,-0.20902583,0.290920794,-0.330242599,0.130554659,-1.981455594,-0.281755343,-0.20902583,685,2.56232401,-0.097892627,1.065796018,1.163688645,0.269476304,0.284583833,184.5912683,0.207574621,0.68759656,496,2.557568877,-0.305508256,0.159969985,0.465478241,-0.046726748,0.06771339,-23.17646676,-0.043677613,0.029054666
87,159,318,3,1.08,-0.354484856,-0.20902583,0.145459026,-0.305998514,0.068570042,-0.917995542,-0.354484856,-0.238117635,273,1.021188985,-0.097892627,0.527591109,0.625483736,0.107031599,0.165035843,29.21962653,0.047569152,0.382129312,197,1.015808606,-0.087314203,0.072691254,0.160005458,-0.017021319,0.040952845,-3.353199783,-0.029131157,0.043601122
88,160,320,8,2.88,-0.499946624,-0.20902583,0.290920794,-0.354485199,0.072730199,-2.835881591,-0.354484856,-0.310847148,23,0.086034237,0.033022694,0.702143013,0.669120319,0.425135133,0.208532544,9.77810806,0.483951718,0.652687812,18,0.092815,-0.189139396,0.727267861,0.916407257,0.361998241,0.306463227,6.515968335,0.487256914,0.648718971
89,161,322,6,2.16,-0.354484856,-0.20902583,0.145459026,-0.330241685,0.054209378,-1.981450111,-0.354484856,-0.281755343,369,1.380288408,0.265760422,0.891244173,0.625483751,0.541150663,0.114248771,199.6845948,0.556681216,0.673052847,270,1.392224993,-0.276415348,0.145423532,0.42183888,-0.04254542,0.087480219,-11.4872635,-0.036404385,0.0581448
90,162,324,1,0.36,-0.20902583,-0.20902583,0,-0.20902583,0,-0.20902583,-0.20902583,-0.20902583,626,2.341627489,1.880380988,3.640460491,1.760079503,2.413032707,0.316887718,1510.558475,2.331310034,2.898607969,452,2.330687767,0.392707735,4.771090984,4.378383249,1.327971046,0.88734054,600.2429128,1.047281623,2.558624935
91,166,332,3,1.08,-0.20902583,-0.063564055,0.145461775,-0.160538572,0.068571339,-0.481615715,-0.20902583,-0.09265641,219,0.819195559,0.818511903,1.633096695,0.814584792,1.159184275,0.216244502,253.8613562,1.094888926,1.502181411,157,0.809553052,0.261792392,0.989098549,0.727306157,0.49647536,0.19785271,77.94663155,0.436344326,0.799997389
92,167,334,9,3.24,-0.20902583,-0.20902583,0,-0.20902583,0,-1.88123247,-0.20902583,-0.20902583,798,2.985013956,0.833058357,2.214941025,1.381882668,1.144816245,0.232056735,913.5633634,1.109435439,1.379993999,578,2.980392763,-0.160046488,0.727267861,0.887314349,0.259174482,0.222003353,149.8028503,0.276338875,0.538166761
93,168,336,1,0.36,-0.20902583,-0.20902583,0,-0.20902583,0,-0.20902583,-0.20902583,-0.20902583,603,2.255593252,0.498498172,3.59682107,3.098322898,1.30726728,0.638090774,788.2821696,1.138528347,2.299307728,437,2.253341934,-0.087314203,1.047281623,1.134595826,0.369339875,0.273308657,161.4015255,0.261792392,0.799997389
94,172,344,5,1.8,0.518280268,0.809203863,0.290923595,0.692834425,0.108853642,3.464172125,0.663742065,0.809203863,97,0.362840042,1.342173219,2.651323557,1.309150338,1.804649927,0.289328075,175.0510429,1.749465585,2.191666794,74,0.381572776,-0.160046488,1.265472889,1.425519377,0.453250412,0.401272758,33.54053051,0.494530141,0.970188159
95,173,346,8,2.88,0.518280268,0.809203863,0.290923595,0.627376616,0.096213936,5.019012928,0.663742065,0.707380605,1,0.003740619,3.771375656,3.771375656,0,3.771375656,0,3.771375656,3.771375656,3.771375656,1,0.005156389,3.185563326,3.185563326,0,3.185563326,0,3.185563326,3.185563326,3.185563326
96,174,348,9,3.24,0.372821301,1.391048193,1.018226892,0.72839175,0.283648217,6.55552575,0.663742065,1.041942167,3,0.011221857,2.942247152,3.349536896,0.407289743,3.189530452,0.177358716,9.568591356,3.276807308,3.334990978,3,0.015469167,1.250929236,1.323658705,0.072729468,1.284869075,0.029889064,3.854607224,1.280019283,1.31493082
97,175,350,9,3.24,0.663742065,1.391048193,0.727306128,0.954665343,0.216841005,8.591988087,0.954665661,1.158311605,235,0.879045463,1.036705971,2.040386438,1.003680468,1.578624968,0.272292881,370.9768674,1.574910879,1.932745385,175,0.902368051,0.465437233,2.19642663,1.730989397,1.321913167,0.419004123,231.3348042,1.294565797,1.934595942
98,176,352,8,2.88,0.809203863,2.991122246,2.181918383,2.009258687,0.740817473,16.0740695,1.972893953,2.889298987,832,3.112195002,0.193028152,1.109435439,0.916407287,0.487815759,0.181283218,405.8627118,0.425768673,0.745782375,604,3.114458874,-0.232775986,0.930912733,1.163688719,0.19435937,0.271533692,117.3930593,0.116330624,0.596352577
99,177,354,8,2.88,0.518280268,2.118354321,1.600074053,1.318318009,0.47134833,10.54654408,1.391048193,1.812886548,59,0.220696521,0.45485881,0.643959939,0.18910113,0.556682493,0.045607271,32.8442671,0.556681216,0.629413486,46,0.237193888,0.741814315,1.49821341,0.756399095,1.129499599,0.184873951,51.95698154,1.149103999,1.352751613
100,178,356,8,2.88,0.081897728,1.100127459,1.01822973,0.536464057,0.320654655,4.291712455,0.591011167,0.896480942,443,1.657094214,-0.156078458,3.858651638,4.014730096,1.140661772,0.973902518,505.3131648,0.847604811,2.721146679,321,1.655200825,-1.207366347,2.574626207,3.781992555,-0.041592344,0.959203849,-13.35114228,-0.378237754,1.469120502
101,179,358,8,2.88,-0.063564055,0.227359504,0.290923558,0.100080448,0.113551065,0.800643586,0.081897728,0.227359504,830,3.104713764,-0.257900864,0.222121075,0.480021939,-0.082978758,0.09862874,-68.87236908,-0.083346173,0.047569152,607,3.12992804,-1.469196916,-0.072767749,1.396429166,-0.778579569,0.373008328,-472.5977987,-0.78553021,-0.24732244
102,180,360,7,2.52,-0.20902583,0.227359504,0.436385334,-0.001223291,0.131425867,-0.008563034,-0.063564055,0.140082438,841,3.145860573,-0.374269724,0.1057522,0.480021924,-0.213777522,0.112614557,-179.7868963,-0.24335441,-0.039709583,603,3.109302485,-1.25100565,0.727267861,1.978273511,-0.124488634,0.479700984,-75.0666464,-0.058224067,0.450890779
103,183,366,2,0.72,-0.354484856,-0.354484856,0,-0.354484856,0,-0.708969712,-0.354484856,-0.354484856,831,3.108454383,-0.563368082,-0.141532004,0.421836078,-0.382181241,0.07528214,-317.5926112,-0.374269724,-0.301537454,609,3.140240818,-0.276415348,0.625445485,0.901860833,0.286799608,0.187501672,174.6609611,0.334521919,0.509076595
104,188,376,1,0.36,-0.354484856,-0.354484856,0,-0.354484856,0,-0.354484856,-0.354484856,-0.354484856,837,3.130898097,-0.956114113,-0.083346173,0.87276794,-0.499101773,0.222167028,-417.7481841,-0.505185068,-0.214261502,608,3.135084429,-0.392784238,0.203606576,0.596390814,-0.064562926,0.116353212,-39.25425917,-0.058224067,0.087237716
105,214,428,7,2.52,-0.645408392,0.081897728,0.72730612,-0.541507518,0.254504126,-3.790552624,-0.645408392,-0.354485944,840,3.142119954,-1.072482944,-0.534277976,0.538204968,-0.886812297,0.138963738,-744.9223292,-0.927021205,-0.665190518,606,3.124771652,-0.930989206,0.0581448,0.989134006,-0.501999757,0.2249176,-304.2118527,-0.48006019,-0.203683078
106,215,430,5,1.8,-0.063564055,0.372821301,0.436385356,0.110990086,0.142522861,0.554950431,0.081897728,0.256451872,789,2.951348385,-0.607007504,-0.301537454,0.305470049,-0.47192571,0.073403057,-372.3493855,-0.490638614,-0.345176816,576,2.970079986,-0.989175022,-0.741890848,0.247284174,-0.821465312,0.055434505,-473.1640196,-0.800073862,-0.770983756
107,218,436,1,0.36,-0.063564055,-0.063564055,0,-0.063564055,0,-0.063564055,-0.063564055,-0.063564055,836,3.127157478,-0.752469242,-0.257900864,0.494568378,-0.457665883,0.106715794,-382.608678,-0.446999252,-0.330630362,607,3.12992804,-1.52737999,-0.756437302,0.770942688,-1.052367831,0.247222025,-638.7872736,-0.974628568,-0.78553021
108,219,438,8,2.88,-0.063564055,0.081897728,0.145461783,-0.045381332,0.048106963,-0.363050655,-0.063564055,-0.01992552,607,2.270555728,-0.548821628,-0.141532004,0.407289624,-0.365210785,0.082010926,-221.6829465,-0.345176816,-0.272447318,442,2.279123878,-1.396467447,1.134560347,2.531027794,-0.745148757,0.524425414,-329.3557505,-0.887352586,0.029054666
109,220,440,9,3.24,-0.063564055,0.081897728,0.145461783,-0.031239214,0.060474239,-0.281152926,-0.063564055,0.081897728,190,0.710717609,1.589457393,4.396859646,2.807402253,2.554860529,0.664810702,485.4235004,2.396766186,3.51390903,138,0.711581663,1.032735109,5.265656471,4.232921362,2.205280222,1.068100103,304.3286706,1.796407402,3.994326878
110,221,442,5,1.8,-0.20902583,-0.063564055,0.145461775,-0.121748765,0.071261425,-0.608743824,-0.063564055,-0.063564055,27,0.100996713,3.916837454,5.415086269,1.498248816,4.728726272,0.402414285,127.6756094,4.731419563,5.225988102,18,0.092815,2.821910381,3.811044216,0.989133835,3.312436461,0.322750408,59.62385631,3.345568895,3.739768553
111,319,638,5,1.8,-0.063564055,0.081897728,0.145461783,-0.034471698,0.058184713,-0.172358491,-0.063564055,0.023713015,66,0.246880853,0.163938016,0.847604811,0.683666795,0.405491001,0.138295503,26.76240608,0.396675766,0.556682616,45,0.232037499,-0.334598392,0.130877078,0.46547547,-0.14646942,0.127158242,-6.59112392,-0.174592942,0.052327329
112,320,640,8,2.88,-0.20902583,0.081897728,0.290923558,-0.081746776,0.087201273,-0.653974205,-0.063564055,-0.01992552,726,2.715689388,-0.781559408,0.57122767,1.352787077,-0.333696492,0.299289782,-242.2636529,-0.446999252,0.149391562,522,2.691634987,-0.800073862,-0.189139396,0.610934466,-0.625633227,0.101926216,-326.5805444,-0.654614866,-0.48006019
113,321,642,8,2.88,-0.20902583,0.081897728,0.290923558,-0.045381331,0.087201274,-0.363050647,-0.063564055,0.081897728,401,1.499988216,-1.043390036,-0.345176816,0.69821322,-0.724573233,0.133713192,-290.5538665,-0.737922788,-0.548821628,291,1.500509159,-0.872806132,-0.48006019,0.392745942,-0.793076661,0.06191751,-230.7853084,-0.800073862,-0.727344394
114,322,644,6,2.16,-0.063564055,0.227359504,0.290923558,0.033410466,0.108420809,0.200462796,0.009166837,0.154628616,15,0.056109285,-1.028843641,-0.534277976,0.494565666,-0.754408054,0.142607856,-11.3161208,-0.752469242,-0.575005269,11,0.056720278,-0.509153068,-0.3636913,0.145461768,-0.456257395,0.046112906,-5.018831342,-0.450967282,-0.378237754
115,323,646,8,2.88,-0.063564055,0.081897728,0.145461783,0.009166837,0.072730891,0.073334694,0.009166837,0.081897728,87,0.325433852,-1.145212412,0.483951718,1.629164129,-0.630080626,0.397191615,-54.81701449,-0.694283426,-0.039707918,62,0.31969611,-1.163726926,-0.130953565,1.032773361,-0.837378992,0.202833295,-51.91749753,-0.865532905,-0.581882596
116,324,648,5,1.8,-0.063564055,0.081897728,0.145461783,-0.005379342,0.071261429,-0.026896708,-0.063564055,0.081897728,804,3.00745767,-1.508866906,-0.912474692,0.596392214,-1.204682738,0.128511676,-968.5649211,-1.188851833,-1.043390036,586,3.021643874,-1.381921053,-0.24732244,1.134598613,-0.857018578,0.326947407,-502.2128869,-0.82916677,-0.429148987
117,325,650,6,2.16,-0.063564055,0.081897728,0.145461783,-0.039320424,0.054210406,-0.235922545,-0.063564055,0.009166837,829,3.100973145,-1.363405108,-0.607007504,0.756397605,-1.057235146,0.185895882,-876.4479363,-1.072482944,-0.767015696,608,3.135084429,-0.741890848,0.727267861,1.469158709,-0.250073885,0.332630462,-152.0449224,-0.334598392,0.305429012
118,326,652,1,0.36,-0.20902583,-0.20902583,0,-0.20902583,0,-0.20902583,-0.20902583,-0.20902583,392,1.466322645,-0.999753475,0.643959939,1.643713415,-0.401951473,0.368877603,-157.5649775,-0.505185068,0.206119974,283,1.459258049,0.232699499,3.301932335,3.069232836,1.265268595,0.631935314,358.0710122,1.163650513,2.117876387
119,327,654,9,3.24,-0.20902583,0.081897728,0.290923558,-0.079726473,0.082412494,-0.71753826,-0.063564055,-0.034471698,471,1.761831545,0.236667529,1.182164907,0.945497379,0.420023222,0.139493392,197.8309375,0.382129312,0.57122767,344,1.773797769,-0.756437302,-0.349144846,0.407292455,-0.514480641,0.089640433,-176.9813406,-0.494606644,-0.407330692
120,328,656,12,4.32,-0.20902583,0.081897728,0.290923558,-0.075685868,0.093109427,-0.908230416,-0.063564055,0.06735155,840,3.142119954,-0.054253262,0.411222219,0.465475481,0.237533653,0.095191043,199.5282686,0.251213968,0.353036404,604,3.114458874,-0.727344394,-0.436420828,0.290923566,-0.577187261,0.070728363,-348.6211055,-0.581882596,-0.48006019
121,329,658,9,3.24,-0.20902583,-0.063564055,0.145461775,-0.079726474,0.045714226,-0.717538267,-0.063564055,-0.063564055,837,3.130898097,0.1057522,0.542137563,0.436385363,0.311449216,0.10084531,260.6829934,0.309399813,0.45485881,608,3.135084429,-0.843713224,-0.421877146,0.421836078,-0.699352847,0.067179983,-425.2065312,-0.698251486,-0.625521958
122,330,660,9,3.24,-0.20902583,-0.063564055,0.145461775,-0.112051313,0.068571339,-1.008461818,-0.063564055,-0.063564055,611,2.285518204,0.033022694,0.498498172,0.465475477,0.236858334,0.098695125,144.7204419,0.236667529,0.367582858,443,2.284280267,-0.94553566,-0.320051938,0.625483721,-0.764974157,0.14169454,-338.8835515,-0.800073862,-0.55279249
123,331,662,8,2.88,-0.20902583,0.081897728,0.290923558,-0.081746776,0.087201273,-0.653974205,-0.063564055,-0.01992552,759,2.839129815,0.207574621,0.716689467,0.509114847,0.398534272,0.11852489,302.4875122,0.382129312,0.57122767,553,2.851483042,-0.698251486,0.232699499,0.930950984,-0.469749406,0.152776799,-259.7714215,-0.494606644,-0.320051938
124,332,664,5,1.8,-0.063564055,0.081897728,0.145461783,-0.034471698,0.058184713,-0.172358491,-0.063564055,0.023713015,365,1.365325932,0.265760422,0.68759656,0.421836138,0.509337864,0.090316656,185.9083203,0.513044655,0.614867032,268,1.381912216,-0.887352586,-0.509153068,0.378199518,-0.743138921,0.080711042,-199.1612309,-0.756437302,-0.625521958
125,333,666,1,0.36,-0.063564055,-0.063564055,0,-0.063564055,0,-0.063564055,-0.063564055,-0.063564055,689,2.577286486,0.1057522,0.833058357,0.727306157,0.315330857,0.127758808,217.2629603,0.294853359,0.498498172,496,2.557568877,-1.13463676,-0.203683078,0.930953681,-0.705525284,0.162286613,-349.9405408,-0.71279794,-0.48006019
126,336,672,7,2.52,-0.20902583,-0.063564055,0.145461775,-0.146685069,0.07198491,-1.026795484,-0.20902583,-0.063564055,71,0.265583948,0.396675766,0.702143013,0.305467248,0.515707597,0.102138603,36.61523941,0.483951718,0.673052847,52,0.268132221,-0.756437302,-0.407330692,0.34910661,-0.607618847,0.091581803,-31.59618005,-0.610975504,-0.481514835
127,337,674,8,2.88,-0.20902583,0.081897728,0.290923558,-0.063564054,0.07273089,-0.50851243,-0.063564055,-0.01992552,812,3.037382622,0.062115606,0.513044655,0.450929049,0.300136941,0.095603381,243.7111965,0.323943496,0.411222219,584,3.011331097,-1.396467447,-0.59642905,0.800038397,-0.966857543,0.20408937,-564.6448049,-0.94553566,-0.683705032
128,338,676,10,3.6,-0.20902583,0.081897728,0.290923558,-0.121748763,0.116369423,-1.217487633,-0.20902583,0.081897728,836,3.127157478,0.222121075,0.469405264,0.247284189,0.357595654,0.051717492,298.9499664,0.353036404,0.425768673,606,3.124771652,-1.352828145,-0.66916132,0.683666825,-0.935334905,0.154307512,-566.8129522,-0.887352586,-0.770983756
129,339,678,8,2.88,-0.354484856,0.081897728,0.436382584,-0.118111876,0.124653811,-0.944895007,-0.063564055,-0.01992552,832,3.112195002,0.251213968,0.498498172,0.247284204,0.34838603,0.041520908,289.8571773,0.33848995,0.411222219,606,3.124771652,-1.236459255,-0.640068412,0.596390843,-0.870573428,0.109853827,-527.5674973,-0.858259678,-0.741890848
130,340,680,6,2.16,-0.20902583,-0.063564055,0.145461775,-0.087807684,0.054210403,-0.526846103,-0.063564055,-0.063564055,835,3.123416859,0.251213968,0.425768673,0.174554706,0.349761701,0.032676403,292.0510207,0.353036404,0.382129312,606,3.124771652,-1.236459255,-0.567336142,0.669123113,-0.80847642,0.164319896,-489.9367108,-0.770983756,-0.625521958
131,342,684,1,0.36,-0.20902583,-0.20902583,0,-0.20902583,0,-0.20902583,-0.20902583,-0.20902583,778,2.910201576,0.149391562,0.614867032,0.46547547,0.372612361,0.091606608,289.8924171,0.353036404,0.513044655,568,2.928828875,-1.483743429,-0.55279249,0.93095094,-0.849450049,0.179927357,-482.4876277,-0.800073862,-0.683705032
132,344,688,1,0.36,-0.063564055,-0.063564055,0,-0.063564055,0,-0.063564055,-0.063564055,-0.063564055,507,1.896493829,0.207574621,0.556681216,0.349106595,0.378370667,0.082521134,191.833928,0.367582858,0.498498172,372,1.918176657,-1.265552163,-0.334598392,0.930953771,-0.805823252,0.234530882,-299.7662499,-0.843713224,-0.48006019
133,387,774,2,0.72,-0.063564055,-0.063564055,0,-0.063564055,0,-0.127128109,-0.063564055,-0.063564055,133,0.497502326,0.353036404,0.57122767,0.218191266,0.47749931,0.050307676,63.50740817,0.483951718,0.542137563,96,0.495013331,-1.032814384,-0.523699522,0.509114861,-0.775528674,0.126013642,-74.45075274,-0.756437302,-0.625521958
134,388,776,7,2.52,-0.20902583,-0.063564055,0.145461775,-0.125904816,0.07198491,-0.881333709,-0.063564055,-0.063564055,711,2.659580104,0.163938016,0.469405264,0.305467248,0.307536628,0.07929696,218.6585423,0.309399813,0.411222219,519,2.67616582,-1.06190455,0.392707735,1.454612285,-0.696682873,0.261976519,-361.5784111,-0.756437302,-0.320051938
135,389,778,5,1.8,-0.20902583,-0.063564055,0.145461775,-0.121748765,0.071261425,-0.608743824,-0.063564055,-0.063564055,835,3.123416859,0.163938016,0.789421737,0.625483721,0.447055278,0.184902096,373.2911573,0.440312356,0.702143013,604,3.114458874,-1.032814384,-0.407330692,0.625483692,-0.770284516,0.129847896,-465.2518474,-0.78553021,-0.581882596
136,390,780,9,3.24,-0.20902583,0.081897728,0.290923558,-0.063564053,0.096974519,-0.572076477,-0.063564055,0.081897728,834,3.11967624,0.629413486,0.993066549,0.363653064,0.776775621,0.079918235,647.8308678,0.774875283,0.876697719,607,3.12992804,-0.82916677,0.218153045,1.047319815,-0.528395772,0.23970066,-320.7362337,-0.610975504,-0.154227906
137,391,782,8,2.88,-0.20902583,-0.063564055,0.145461775,-0.11811222,0.070421379,-0.944897763,-0.063564055,-0.063564055,842,3.149601192,0.629413486,1.167618513,0.538205028,0.817096119,0.127757873,687.9949319,0.774875283,1.022159457,604,3.114458874,-0.610975504,-0.014584702,0.596390802,-0.39916573,0.153880998,-241.0961009,-0.436420828,-0.160046488
138,392,784,9,3.24,-0.20902583,-0.063564055,0.145461775,-0.095888894,0.060474236,-0.863000043,-0.063564055,-0.063564055,428,1.600984929,0.643959939,2.593140602,1.949180663,1.562506136,0.462021797,668.752626,1.59673059,2.142208815,310,1.598480548,-0.392784238,2.458257198,2.851041436,1.012465509,0.777719432,313.8643079,1.061828017,2.037873077
139,393,786,8,2.88,-0.20902583,-0.063564055,0.145461775,-0.099929499,0.062986796,-0.799435988,-0.063564055,-0.063564055,4,0.014962476,4.68778038,4.789605618,0.101825237,4.742329478,0.037617418,18.96931791,4.745965958,4.780877638,3,0.015469167,2.12369442,2.370978594,0.247284174,2.26430734,0.103767025,6.79292202,2.298249006,2.356432676
140,399,798,8,2.88,-0.20902583,0.081897728,0.290923558,-0.045381331,0.087201274,-0.363050647,-0.063564055,0.081897728,73,0.273065186,1.749465585,2.447678804,0.69821322,2.232276409,0.152516466,162.9561778,2.287670612,2.374946594,52,0.268132221,0.479983687,1.77458775,1.294604063,1.071059714,0.345934054,55.69510514,1.010916829,1.598581147
141,400,800,8,2.88,-0.20902583,0.081897728,0.290923558,-0.04538133,0.113551065,-0.36305064,-0.063564055,0.081897728,96,0.359099423,1.196711421,2.738599539,1.541888118,1.685976891,0.390867137,161.8537816,1.582184136,2.214941025,69,0.355790832,0.450890779,1.847319961,1.396429181,0.981508523,0.340836567,67.72408807,0.916366279,1.463301873
142,401,802,8,2.88,-0.063564055,0.081897728,0.145461783,0.02734956,0.070421383,0.218796477,0.081897728,0.081897728,6,0.022443714,2.185848236,2.447678804,0.261830568,2.270700693,0.088247844,13.62420416,2.258579135,2.367674708,6,0.030938333,0.843636751,1.250929236,0.407292485,0.976976504,0.135004491,5.861859024,0.93818596,1.134560347
143,402,804,8,2.88,-0.20902583,0.081897728,0.290923558,-0.009015885,0.101237114,-0.072127081,0.009166837,0.081897728,107,0.400246232,1.283987403,1.545817971,0.261830568,1.415719548,0.070024874,151.4819916,1.414902687,1.516727924,76,0.391885554,0.858183205,1.090920925,0.23273772,0.968809771,0.047609734,73.62954259,0.967278868,1.032735109
144,403,806,8,2.88,-0.20902583,0.081897728,0.290923558,-0.04538133,0.113551065,-0.36305064,-0.063564055,0.081897728,644,2.408958631,0.949427187,1.327626705,0.378199518,1.147359399,0.065734449,738.8994532,1.153074861,1.240350723,465,2.397720822,0.625445485,1.076374531,0.450929046,0.857838563,0.109301129,398.8949318,0.872729659,0.989098549
145,404,808,9,3.24,-0.20902583,-0.063564055,0.145461775,-0.112051313,0.068571339,-1.008461818,-0.063564055,-0.063564055,492,1.840384544,0.68759656,0.92033428,0.23273772,0.794742301,0.045783958,391.013212,0.789421737,0.862151265,355,1.830518047,0.712721407,1.061828017,0.34910661,0.856953579,0.058711977,304.2185205,0.858183205,0.916366279
146,405,810,8,2.88,-0.20902583,0.081897728,0.290923558,-0.136294941,0.10285701,-1.090359531,-0.20902583,-0.01992552,838,3.134638716,0.542137563,1.371266127,0.829128563,0.835853579,0.171494843,700.4452993,0.774875283,1.109435439,606,3.124771652,0.538166761,1.105467439,0.567300677,0.866055825,0.132471939,524.8298298,0.916366279,1.032735109
147,406,812,8,2.88,-0.20902583,0.081897728,0.290923558,-0.063564054,0.07273089,-0.50851243,-0.063564055,-0.01992552,841,3.145860573,0.483951718,1.036705971,0.552754253,0.655547685,0.100858734,551.3156029,0.643959939,0.774875283,607,3.12992804,0.290885329,0.930912733,0.640027404,0.611186306,0.149255208,370.9900877,0.596352577,0.814543843
148,407,814,8,2.88,-0.063564055,0.081897728,0.145461783,0.009166837,0.072730891,0.073334694,0.009166837,0.081897728,836,3.127157478,0.425768673,0.803965449,0.378196776,0.626785867,0.091575578,523.992985,0.629413486,0.745782375,607,3.12992804,0.450890779,0.770907223,0.320016444,0.622641108,0.061511671,377.9431524,0.625445485,0.698174953
149,408,816,12,4.32,-0.063564055,0.081897728,0.145461783,-0.015076794,0.068571342,-0.180921525,-0.063564055,0.081897728,800,2.992495194,0.149391562,0.673052847,0.523661286,0.467932936,0.135482865,374.3463491,0.527591109,0.614867032,581,2.99586193,0.407254189,0.756360769,0.34910658,0.609421585,0.063811634,354.0739409,0.610899031,0.698174953
150,409,818,6,2.16,-0.063564055,0.081897728,0.145461783,-0.039320424,0.054210406,-0.235922545,-0.063564055,0.009166837,48,0.179549712,0.498498172,0.614867032,0.11636886,0.540924363,0.031817798,25.96436942,0.542137563,0.585774124,34,0.175317221,0.523623049,0.669082046,0.145458996,0.577527833,0.03537314,19.63594633,0.574532896,0.625445485
151,420,840,4,1.44,0.081897728,0.227359504,0.145461775,0.118263172,0.062986796,0.473052688,0.081897728,0.183720971,30,0.11221857,0.207574621,0.411222219,0.203647599,0.290003609,0.062433928,8.700108275,0.294853359,0.382129312,22,0.113440555,0.916366279,0.989098549,0.07273227,0.958683236,0.021889696,21.09103119,0.960005641,0.989098549
152,421,842,4,1.44,0.081897728,0.227359504,0.145461775,0.154628616,0.072730888,0.618514463,0.154628616,0.227359504,58,0.216955902,-0.156078458,-0.01061667,0.145461787,-0.077076724,0.035022555,-4.470449992,-0.083346173,-0.025163127,39,0.201099166,0.494530141,0.698174953,0.203644812,0.564649816,0.056372317,22.02134281,0.538166761,0.657447124
153,422,844,8,2.88,0.081897728,0.227359504,0.145461775,0.136445894,0.070421379,1.091567151,0.081897728,0.227359504,835,3.123416859,-0.24335441,0.178484485,0.421838894,-0.07289442,0.098475154,-60.86684034,-0.083346173,0.076659285,604,3.114458874,0.319975466,0.669082046,0.34910658,0.494144372,0.062809938,298.4632007,0.494530141,0.581806123
154,423,846,10,3.6,-0.20902583,0.227359504,0.436385334,-0.005379342,0.116369423,-0.053793415,-0.063564055,0.096443906,832,3.112195002,-0.257900864,0.163938016,0.42183888,0.006080342,0.094111415,5.058844195,0.01847624,0.120298654,607,3.12992804,0.363614827,0.974552095,0.610937268,0.63879269,0.144062015,387.7471626,0.596352577,0.858183205
155,424,848,8,2.88,-0.20902583,0.081897728,0.290923558,-0.027198608,0.096213924,-0.217588864,-0.063564055,0.081897728,837,3.130898097,-0.534277976,0.003929785,0.538207761,-0.204286498,0.093147856,-170.9877987,-0.199715048,-0.097892627,606,3.124771652,0.290885329,1.018191457,0.727306128,0.688141974,0.150133721,417.0140362,0.712721407,0.872729659
156,425,850,9,3.24,-0.20902583,0.081897728,0.290923558,-0.031239213,0.091428454,-0.281152919,-0.063564055,0.081897728,836,3.127157478,-0.272447318,-0.025163127,0.247284191,-0.129647321,0.054027672,-108.3851603,-0.119712312,-0.068799719,609,3.140240818,0.349068373,0.756360769,0.407292396,0.561408379,0.088070239,341.8977029,0.552713215,0.669082046
157,426,852,9,3.24,-0.063564055,0.227359504,0.290923558,0.033410466,0.118769046,0.30069419,-0.063564055,0.227359504,834,3.11967624,-0.301537454,0.091205746,0.3927432,-0.112404176,0.096614114,-93.74508314,-0.126985535,0.01847624,606,3.124771652,0.378161281,0.770907223,0.392745942,0.62582888,0.087059696,379.2523012,0.639991939,0.727267861
158,427,854,8,2.88,-0.063564055,0.227359504,0.290923558,0.081897727,0.07273089,0.655181818,0.081897728,0.125536261,836,3.127157478,-0.694283426,-0.083346173,0.610937253,-0.311091034,0.126324738,-260.0721047,-0.286993772,-0.170624912,605,3.119615263,0.261792392,0.538166761,0.27637437,0.430190286,0.067427412,260.2651231,0.450890779,0.509076595
159,428,856,8,2.88,-0.063564055,0.081897728,0.145461783,0.063715005,0.048106963,0.509720042,0.081897728,0.081897728,833,3.115935621,-0.156078458,0.076659285,0.232737742,-0.034399686,0.053048873,-28.65493824,-0.039709583,0.047569152,604,3.114458874,0.087237716,0.625445485,0.538207769,0.352391888,0.145092807,212.8447001,0.349068373,0.552713215
160,429,858,9,3.24,-0.063564055,0.227359504,0.290923558,0.065735307,0.082412495,0.591617763,0.081897728,0.110990083,832,3.112195002,-0.170624912,0.062115606,0.232740518,-0.029917558,0.063807319,-24.8914082,-0.025163127,0.047569152,605,3.119615263,0.072691254,0.421797872,0.349106617,0.295139691,0.071067659,178.5595132,0.305429012,0.378161281
161,430,860,8,2.88,-0.063564055,0.227359504,0.290923558,0.063715003,0.113551065,0.509720027,0.081897728,0.227359504,836,3.127157478,-0.345176816,0.047569152,0.392745968,-0.155694787,0.067013559,-130.1608416,-0.156078458,-0.068799719,607,3.12992804,0.232699499,0.494530141,0.261830643,0.364740857,0.053708889,221.3977003,0.363614827,0.436344326
162,431,862,9,3.24,-0.063564055,0.081897728,0.145461783,0.017248047,0.072280541,0.155232422,0.081897728,0.081897728,837,3.130898097,-0.301537454,0.236667529,0.538204983,-0.080861664,0.106354263,-67.68121291,-0.097892627,0.082477869,609,3.140240818,0.159969985,0.654538393,0.494568408,0.388622498,0.096841997,236.6711014,0.392707735,0.523623049
163,432,864,8,2.88,-0.063564055,0.227359504,0.290923558,0.081897726,0.10285701,0.65518181,0.081897728,0.227359504,666,2.491252249,-0.214261502,0.57122767,0.785489172,0.009390041,0.147603559,6.253767255,-0.039709583,0.229394302,482,2.485379432,0.043601122,0.334521919,0.290920798,0.150794351,0.072447379,72.68287735,0.145423532,0.261792392
164,433,866,8,2.88,0.081897728,0.227359504,0.145461775,0.136445894,0.070421379,1.091567151,0.081897728,0.227359504,1,0.003740619,0.193028152,0.193028152,0,0.193028152,0,0.193028152,0.193028152,0.193028152,1,0.005156389,0.043601122,0.043601122,0,0.043601122,0,0.043601122,0.043601122,0.043601122
165,434,868,9,3.24,-0.063564055,0.227359504,0.290923558,0.098060147,0.082412494,0.882541321,0.081897728,0.227359504,254,0.950117224,-0.723376334,1.618550301,2.341926634,0.66142611,0.539553592,168.0022319,0.716689467,1.356719613,185,0.95393194,1.629125953,5.832957268,4.203831315,3.268121449,0.960825585,604.602468,3.171016932,4.581989765
166,435,870,9,3.24,-0.063564055,0.227359504,0.290923558,0.114222565,0.114285567,1.028003089,0.081897728,0.227359504,439,1.642131738,-0.01061667,0.716689467,0.727306138,0.116289577,0.150835206,51.05112435,0.047569152,0.33848995,319,1.644888048,0.567259669,2.967369318,2.400109649,1.360274776,0.519391983,433.9276537,1.294565797,2.109150648
167,436,872,9,3.24,-0.063564055,0.372821301,0.436385356,0.195034669,0.133278734,1.755312018,0.227359504,0.372821301,819,3.063566955,-0.097892627,0.207574621,0.305467248,0.089181748,0.057492383,73.0398513,0.091205746,0.163938016,591,3.047425819,0.538166761,1.745497584,1.207330823,0.930913356,0.300669503,550.1697933,0.814543843,1.425481081
168,437,874,9,3.24,0.081897728,0.227359504,0.145461775,0.130384987,0.068571339,1.173464879,0.081897728,0.227359504,836,3.127157478,-0.214261502,0.323943496,0.538204998,0.134462176,0.11270233,112.4103793,0.149391562,0.265760422,606,3.124771652,0.421797872,0.872729659,0.450931787,0.638550716,0.110467642,386.9617339,0.639991939,0.785450935
169,438,876,9,3.24,0.227359504,3.427504778,3.200145274,0.93850259,0.961082372,8.446523309,0.518280268,1.79833951,836,3.127157478,-0.345176816,0.193028152,0.538204968,-0.174747297,0.104941616,-146.0887401,-0.199715048,-0.01061667,609,3.140240818,0.290885329,0.610899031,0.320013702,0.480389581,0.0749364,292.557255,0.479983687,0.581806123
170,439,878,9,3.24,0.081897728,0.372821301,0.290923573,0.195034667,0.091428456,1.755312003,0.227359504,0.256451863,833,3.115935621,-0.257900864,0.076659285,0.334560148,-0.102904618,0.068502531,-85.7195466,-0.097892627,-0.013525962,609,3.140240818,0.421797872,0.698174953,0.276377082,0.556344671,0.051884264,338.8139047,0.552713215,0.625445485
171,440,880,8,2.88,0.081897728,2.554739714,2.472841986,0.536464406,0.774632509,4.291715249,0.227359504,1.129218102,837,3.130898097,-0.316083908,0.1057522,0.421836108,-0.138594375,0.108610248,-116.0034918,-0.141532004,0.033022694,606,3.124771652,0.421797872,0.654538393,0.232740521,0.501490628,0.045276762,303.9033206,0.479983687,0.567259669
172,441,882,5,1.8,-0.063564055,0.227359504,0.290923558,0.081897727,0.091998107,0.409488633,0.081897728,0.169174793,835,3.123416859,-0.417906314,0.01847624,0.436382554,-0.19091863,0.087909683,-159.417056,-0.170624912,-0.097892627,604,3.114458874,0.290885329,0.639991939,0.34910661,0.454648255,0.069619224,274.6075462,0.450890779,0.552713215
173,443,886,5,1.8,0.081897728,0.227359504,0.145461775,0.140082438,0.071261425,0.700412191,0.081897728,0.227359504,835,3.123416859,-0.534277976,-0.025163127,0.509114848,-0.314046653,0.127609592,-262.2289557,-0.345176816,-0.112439089,607,3.12992804,0.10178417,0.552713215,0.450929046,0.344060008,0.123081612,208.8444252,0.349068373,0.509076595
174,444,888,10,3.6,-0.063564055,0.227359504,0.290923558,0.038259193,0.093140985,0.382591926,0.081897728,0.096443906,835,3.123416859,-0.519731522,0.076659285,0.596390806,-0.301329589,0.123604147,-251.6102069,-0.330630362,-0.126985535,610,3.145397207,0.043601122,0.378161281,0.33456016,0.220084864,0.075128774,134.2517672,0.218153045,0.319975466
175,445,890,9,3.24,0.081897728,0.372821301,0.290923573,0.227359508,0.096974524,2.046235576,0.227359504,0.372821301,834,3.11967624,-0.679736972,-0.039709583,0.640027389,-0.413931049,0.132808063,-345.2184948,-0.432452798,-0.199715048,610,3.145397207,0.014508209,0.567259669,0.55275146,0.294699324,0.123932815,179.7665873,0.290885329,0.465437233
176,446,892,8,2.88,0.081897728,0.372821301,0.290923573,0.227359506,0.072730893,1.81887605,0.227359504,0.270998043,835,3.123416859,-0.461545706,-0.083346173,0.378199533,-0.326310639,0.076954952,-272.4693836,-0.345176816,-0.199715048,608,3.135084429,0.159969985,0.552713215,0.39274323,0.387443439,0.085166577,235.5656109,0.392707735,0.494530141
177,447,894,9,3.24,0.081897728,0.372821301,0.290923573,0.195034667,0.091428456,1.755312003,0.227359504,0.256451863,840,3.142119954,-0.432452798,0.033022694,0.465475492,-0.231041999,0.102791917,-194.075279,-0.24335441,-0.096437982,603,3.109302485,0.276338875,0.523623049,0.247284174,0.410799048,0.066596091,247.711826,0.407254189,0.494530141
178,448,896,8,2.88,0.081897728,0.372821301,0.290923573,0.245542231,0.087201279,1.964337848,0.227359504,0.372821301,834,3.11967624,-0.316083908,-0.068799719,0.247284189,-0.242046338,0.048302656,-201.866646,-0.257900864,-0.170624912,606,3.124771652,0.392707735,0.509076595,0.11636886,0.430008249,0.025187156,260.5849989,0.421797872,0.465437233
179,449,898,7,2.52,0.227359504,0.372821301,0.145461798,0.268920017,0.065712942,1.88244012,0.227359504,0.372821301,836,3.127157478,-0.388816178,-0.112439089,0.276377089,-0.263851003,0.061914704,-220.5794383,-0.257900864,-0.185168594,610,3.145397207,0.378161281,0.6836285,0.305467218,0.499751993,0.066492896,304.848716,0.494530141,0.596352577
180,450,900,1,0.36,0.227359504,0.227359504,0,0.227359504,0,0.227359504,0.227359504,0.227359504,832,3.112195002,-0.505185068,-0.257900864,0.247284204,-0.377993293,0.041647888,-314.4904201,-0.374269724,-0.330630362,607,3.12992804,0.334521919,0.552713215,0.218191296,0.454917329,0.050054346,276.1348187,0.465437233,0.509076595
181,454,908,6,2.16,0.227359504,0.372821301,0.145461798,0.275846769,0.068571349,1.655080616,0.227359504,0.372821301,843,3.153341811,-0.446999252,-0.141532004,0.305467248,-0.302539436,0.068498968,-255.040745,-0.316083908,-0.199715048,602,3.104146096,0.363614827,0.698174953,0.334560126,0.583691347,0.081456663,351.3821911,0.610899031,0.669082046
182,455,910,6,2.16,0.081897728,0.372821301,0.290923573,0.300090406,0.111098276,1.800542437,0.372821301,0.372821301,834,3.11967624,-0.534277976,-0.156078458,0.378199518,-0.307224538,0.072367882,-256.2252647,-0.301537454,-0.218625438,605,3.119615263,0.407254189,0.756360769,0.34910658,0.620227461,0.085021941,375.2376141,0.639991939,0.72144928
183,459,918,5,1.8,0.518280268,0.663742065,0.145461798,0.576464987,0.071261436,2.882324934,0.518280268,0.663742065,840,3.142119954,-0.47609216,-0.185168594,0.290923566,-0.35662348,0.045726658,-299.5637234,-0.35972327,-0.301537454,608,3.135084429,0.378161281,0.785450935,0.407289654,0.549723743,0.089468831,334.2320357,0.523623049,0.698174953
184,460,920,2,0.72,0.372821301,0.663742065,0.290920764,0.518281683,0.145460382,1.036563367,0.518281683,0.634649989,835,3.123416859,-0.432452798,-0.039709583,0.392743215,-0.275320834,0.060209943,-229.8928965,-0.286993772,-0.199715048,608,3.135084429,0.552713215,0.770907223,0.218194008,0.632383194,0.040784462,384.488982,0.625445485,0.698174953
185,462,924,1,0.36,0.372821301,0.372821301,0,0.372821301,0,0.372821301,0.372821301,0.372821301,832,3.112195002,-0.301537454,0.658506393,0.960043848,0.010398708,0.182369417,8.651724924,-0.039709583,0.280306906,605,3.119615263,0.509076595,0.945459187,0.436382592,0.641938406,0.091299817,388.3727357,0.625445485,0.785450935
186,463,926,1,0.36,0.663742065,0.663742065,0,0.663742065,0,0.663742065,0.663742065,0.663742065,424,1.586022453,0.207574621,2.491318226,2.283743605,0.957249864,0.546788754,405.8739422,0.833058357,1.803284705,305,1.572698604,0.712721407,2.181880236,1.469158828,1.007364015,0.261541351,307.2460244,0.945459187,1.352751613
187,464,928,3,1.08,0.518280268,0.518280268,0,0.518280268,0,1.554840803,0.518280268,0.518280268,486,1.81794083,-0.432452798,0.33848995,0.770942748,-0.109386223,0.141846522,-53.16170417,-0.112439089,0.083932515,351,1.809892491,0.989098549,4.698358536,3.709259987,2.275538755,0.849481468,798.7141029,2.12369442,3.491030693
188,465,930,8,2.88,0.372821301,0.518280268,0.145458966,0.409186043,0.06298558,3.273488343,0.372821301,0.518280268,839,3.138379335,-0.286993772,0.047569152,0.334562924,-0.083156014,0.063967182,-69.7678957,-0.068799719,-0.01061667,607,3.12992804,0.436344326,1.483666897,1.047322571,0.721564245,0.245471466,437.9894969,0.625445485,1.120013833
189,466,932,8,2.88,0.081897728,0.518280268,0.43638254,0.318272779,0.144320404,2.54618223,0.372821301,0.416458991,836,3.127157478,-0.199715048,-0.01061667,0.189098378,-0.108680811,0.039073691,-90.85715838,-0.112439089,-0.054253262,606,3.124771652,0.378161281,0.552713215,0.174551934,0.45984436,0.034502711,278.665682,0.450890779,0.509076595
190,467,934,9,3.24,0.227359504,0.518280268,0.290920764,0.324333721,0.096973903,2.919003487,0.372821301,0.401913095,834,3.11967624,-0.286993772,0.149391562,0.436385334,-0.028877307,0.0836924,-24.08367419,-0.025163127,0.076659285,608,3.135084429,0.363614827,0.654538393,0.290923566,0.500415088,0.058388898,304.2523737,0.494530141,0.581806123
191,468,936,8,2.88,0.227359504,0.372821301,0.145461798,0.263724953,0.062986806,2.109799623,0.227359504,0.372821301,832,3.112195002,-0.374269724,0.01847624,0.392745964,-0.211045053,0.106690863,-175.5894842,-0.199715048,-0.083346173,607,3.12992804,0.0581448,0.538166761,0.480021961,0.338668092,0.106020215,205.5715318,0.363614827,0.450890779
192,469,938,9,3.24,0.227359504,0.518280268,0.290920764,0.340496143,0.091427854,3.064465284,0.372821301,0.401913095,835,3.123416859,-0.636100411,-0.01061667,0.625483741,-0.299273945,0.110539196,-249.8937444,-0.301537454,-0.156078458,604,3.114458874,-0.130953565,0.363614827,0.494568393,0.151058188,0.11265102,91.23914546,0.174513668,0.286521393
193,470,940,9,3.24,0.372821301,0.518280268,0.145458966,0.421307623,0.068570014,3.79176861,0.372821301,0.518280268,623,2.330405632,-0.577914596,-0.025163127,0.552751468,-0.268780738,0.133728726,-167.4503997,-0.24335441,-0.112439089,452,2.330687767,0.159969985,0.625445485,0.4654755,0.365062752,0.105734907,165.0083638,0.363614827,0.509076595
194,471,942,8,2.88,0.227359504,0.518280268,0.290920764,0.409185689,0.096212732,3.273485512,0.372821301,0.518280268,53,0.198252807,0.134845108,0.469405264,0.334560156,0.235844455,0.085493604,12.4997561,0.207574621,0.387947893,39,0.201099166,1.483666897,3.36011529,1.876448393,2.605582457,0.535657046,101.6177158,2.77827096,3.188472652
195,472,944,6,2.16,0.372821301,0.518280268,0.145458966,0.421307623,0.068570014,2.52784574,0.372821301,0.518280268,23,0.086034237,1.85128808,2.549501181,0.6982131,2.166242568,0.209638289,49.82357907,2.113118649,2.453497362,17,0.087658611,4.436528206,5.251112938,0.814584732,4.710338677,0.223363909,80.0757575,4.640175819,5.032920551
196,473,946,2,0.72,0.518280268,0.518280268,0,0.518280268,0,1.036560535,0.518280268,0.518280268,54,0.201993426,1.924017549,3.756829262,1.832811713,2.852545537,0.493987473,154.037459,2.869516253,3.496453261,39,0.201099166,3.229199886,4.247429848,1.018229961,3.798737281,0.319684622,148.150754,3.767407656,4.203790188
197,509,1018,7,2.52,0.081897728,0.372821301,0.290923573,0.165018746,0.105958925,1.155131221,0.081897728,0.285544223,594,2.221927681,0.265760422,1.443995595,1.178235173,0.709710717,0.219565644,421.5681659,0.673052847,1.032342017,429,2.212090823,0.741814315,2.458257198,1.716442883,1.099702667,0.217781918,471.7724441,1.076374531,1.338205099
198,510,1020,3,1.08,0.227359504,0.372821301,0.145461798,0.324334035,0.068571349,0.973002106,0.372821301,0.372821301,460,1.720684736,0.614867032,3.422269106,2.807402074,1.373036233,0.621006767,631.5966671,1.153074861,2.302217007,334,1.722233881,0.872729659,2.370978594,1.498248935,1.402094552,0.293844923,468.2995804,1.36002481,1.813863134
199,512,1024,4,1.44,0.081897728,0.372821301,0.290923573,0.300090408,0.125973602,1.200361632,0.372821301,0.372821301,11,0.041146809,2.258577585,2.520408392,0.261830807,2.404039968,0.078701177,26.44443965,2.404039383,2.491318226,8,0.041251111,3.418301105,3.971052647,0.552751541,3.621945977,0.207250186,28.97556782,3.541943192,3.971052647
200,514,1028,1,0.36,0.518280268,0.518280268,0,0.518280268,0,0.518280268,0.518280268,0.518280268,25,0.093515475,1.720372677,2.054932833,0.334560156,1.858269887,0.095970654,46.45674717,1.85128808,1.990931201,20,0.103127777,2.880093336,3.141923904,0.261830568,3.067011142,0.070104752,61.34022284,3.083738089,3.12883215
201,520,1040,1,0.36,0.372821301,0.372821301,0,0.372821301,0,0.372821301,0.372821301,0.372821301,431,1.612206786,1.138528347,3.873198271,2.734669924,1.572784896,0.49562018,677.8702902,1.385812521,2.156755209,309,1.593324159,1.309112191,3.840137243,2.531025052,1.897453855,0.567470947,586.3132412,1.629125953,2.813182354
202,523,1046,2,0.72,0.372821301,0.372821301,0,0.372821301,0,0.745642602,0.372821301,0.372821301,288,1.07729827,1.618550301,10.2007618,8.582211494,4.017902113,2.089384457,1157.155809,3.502271891,7.070435429,208,1.072528884,1.49821341,5.45475769,3.95654428,3.051570214,1.0178742,634.7266046,2.872820139,4.59653616
203,536,1072,2,0.72,0.081897728,0.372821301,0.290923573,0.227359515,0.145461787,0.454719029,0.227359515,0.343728944,91,0.340396328,0.68759656,3.945930481,3.258333921,1.429130199,0.79181161,130.0508481,1.196711421,3.01497674,70,0.36094722,1.076374531,3.098284721,2.021910191,1.389531973,0.575155306,97.26723814,1.134560347,2.533896065
204,537,1074,8,2.88,0.081897728,0.372821301,0.290923573,0.227359506,0.072730893,1.81887605,0.227359504,0.270998043,166,0.620942753,0.774875283,3.334993124,2.560117841,1.589807747,0.605726009,263.9080861,1.422175884,2.484043598,116,0.598141108,0.770907223,1.120013833,0.34910661,0.901319471,0.093588926,104.5530586,0.872729659,1.047281623
205,538,1076,9,3.24,0.081897728,0.372821301,0.290923573,0.211197089,0.10720937,1.900773801,0.227359504,0.372821301,365,1.365325932,0.600320578,3.611367464,3.011046886,1.480421142,0.552890678,540.3537168,1.400359035,2.165483189,263,1.356130271,0.261792392,0.610899031,0.34910664,0.423624168,0.065611572,111.4131563,0.436344326,0.494530141
206,539,1078,8,2.88,-0.063564055,0.372821301,0.436385356,0.190994062,0.120610539,1.527952492,0.227359504,0.270998043,830,3.104713764,-0.039709583,1.167618513,1.207328096,0.406559603,0.171334721,337.4444704,0.396675766,0.585774124,607,3.12992804,0.130877078,0.494530141,0.363653064,0.297761622,0.081423502,180.7413043,0.305429012,0.407254189
207,540,1080,8,2.88,0.081897728,0.227359504,0.145461775,0.172811338,0.070421379,1.382490702,0.227359504,0.227359504,835,3.123416859,-0.025163127,0.57122767,0.596390797,0.25424512,0.160288035,212.2946755,0.236667529,0.469405264,604,3.114458874,-0.145500034,0.232699499,0.378199533,0.018168268,0.092978107,10.97363403,0.014508209,0.145423532
208,541,1082,8,2.88,-0.063564055,0.227359504,0.290923558,0.136445893,0.101237113,1.091567144,0.154628616,0.227359504,836,3.127157478,-0.228807956,0.57122767,0.800035626,0.232387542,0.183543541,194.2759855,0.251213968,0.45485881,606,3.124771652,-0.160046488,0.10178417,0.261830658,-0.03196304,0.060804876,-19.36960219,-0.029131157,0.043601122
209,542,1084,8,2.88,-0.063564055,0.227359504,0.290923558,0.063715004,0.087201274,0.509720035,0.081897728,0.125536261,814,3.04486386,0.062115606,0.527591109,0.465475503,0.32952001,0.068079348,268.2292885,0.33848995,0.411222219,588,3.031956652,-0.261868894,0.319975466,0.58184436,0.074374326,0.11915293,43.7321035,0.087237716,0.218153045
210,543,1086,9,3.24,-0.063564055,0.227359504,0.290923558,0.098060146,0.107209365,0.882541314,0.081897728,0.227359504,835,3.123416859,0.003929785,0.745782375,0.74185259,0.323578729,0.169835876,270.1882389,0.294853359,0.585774124,609,3.140240818,-0.043677613,0.407254189,0.450931802,0.132524723,0.127110182,80.70755619,0.087237716,0.349068373
211,544,1088,9,3.24,0.081897728,0.227359504,0.145461775,0.098060148,0.045714226,0.882541329,0.081897728,0.110990083,837,3.130898097,0.134845108,0.68759656,0.552751452,0.490086621,0.10602985,410.2025017,0.527591109,0.600320578,606,3.124771652,-0.232775986,0.189060122,0.421836108,-0.061151314,0.101591927,-37.05769605,-0.058224067,0.072691254
212,545,1090,12,4.32,-0.063564055,0.081897728,0.145461783,0.069775913,0.040203513,0.837310955,0.081897728,0.081897728,838,3.134638716,0.265760422,0.774875283,0.509114861,0.49724825,0.128842556,416.6940339,0.483951718,0.68759656,607,3.12992804,-0.130953565,0.465437233,0.596390799,0.19914995,0.119649228,120.8840198,0.218153045,0.334521919
213,546,1092,9,3.24,-0.063564055,0.227359504,0.290923558,0.065735306,0.107209365,0.591617756,0.081897728,0.227359504,573,2.143374683,0.382129312,0.68759656,0.305467248,0.582576253,0.070726455,333.8161932,0.600320578,0.673052847,416,2.145057767,0.174513668,2.676448584,2.501934916,0.619710302,0.514840285,257.7994856,0.370888054,1.40366143
214,547,1094,8,2.88,0.081897728,0.227359504,0.145461775,0.118263172,0.062986796,0.946105376,0.081897728,0.227359504,208,0.77804875,0.382129312,0.978520095,0.596390784,0.80207847,0.104881377,166.8323217,0.818511903,0.905790627,150,0.77345833,0.625445485,2.763724566,2.13827908,1.466016668,0.597200853,219.9025002,1.425481081,2.283702612
215,548,1096,8,2.88,0.081897728,0.227359504,0.145461775,0.118263172,0.062986796,0.946105376,0.081897728,0.227359504,14,0.052368666,3.204077959,5.124165535,1.920087576,4.219188673,0.538211674,59.06864142,4.193213224,4.94233942,11,0.056720278,5.556580067,6.61844635,1.061866283,6.114622463,0.30958243,67.26084709,6.08024168,6.443894386
